ticker,date,sentiment_score,headline_count
HDFCBANK.NS,2026-09-07,-0.23119857790879905,4
HDFCBANK.NS,2026-09-08,-0.6357275322079657,2
HDFCBANK.NS,2026-09-09,-0.28317635937128216,4
HDFCBANK.NS,2026-09-10,-0.10556642276545368,9
HDFCBANK.NS,2026-09-11,-0.22381656865278884,6
HDFCBANK.NS,2026-09-12,-0.04325550287548042,9
HDFCBANK.NS,2026-09-13,-0.023292697500437522,4
HDFCBANK.NS,2026-09-14,-0.24417841271497312,4
HDFCBANK.NS,2026-09-15,0.17071397276595232,14
HDFCBANK.NS,2026-09-16,-0.8407560791820288,2
HDFCBANK.NS,2026-09-17,-0.18506116606295114,4
HDFCBANK.NS,2026-09-18,0.9137959443032742,1
HDFCBANK.NS,2026-09-19,-0.29619677426914376,3
HDFCBANK.NS,2026-09-21,0.033653218671679544,5
HDFCBANK.NS,2026-09-22,-0.0238227516412735,5
HDFCBANK.NS,2026-09-23,0.5147711774334311,2
HDFCBANK.NS,2026-09-24,-0.10901498422026633,3
HDFCBANK.NS,2026-09-25,-0.4247510596178472,2
HDFCBANK.NS,2026-09-26,-0.0459836237132549,1
HDFCBANK.NS,2026-09-27,-0.4573195789940655,5
ICICIBANK.NS,2026-08-28,-0.27217105031013494,3
ICICIBANK.NS,2026-08-29,-0.0091321114450693,1
ICICIBANK.NS,2026-08-30,-0.0407344810664653,1
ICICIBANK.NS,2026-08-31,0.8009078409522772,1
ICICIBANK.NS,2026-09-01,0.0365653671324253,1
ICICIBANK.NS,2026-09-02,0.027552324696443944,8
ICICIBANK.NS,2026-09-03,-0.32373221423476933,5
ICICIBANK.NS,2026-09-04,0.0434733387082815,1
ICICIBANK.NS,2026-09-05,0.2780569518217817,8
ICICIBANK.NS,2026-09-06,-0.0473977848887443,1
ICICIBANK.NS,2026-09-07,0.28963702948143083,3
ICICIBANK.NS,2026-09-08,-0.2233844995498657,1
ICICIBANK.NS,2026-09-09,0.4076793044805527,1
ICICIBANK.NS,2026-09-10,0.0153793524950742,1
ICICIBANK.NS,2026-09-12,-0.229712376371026,1
ICICIBANK.NS,2026-09-13,-0.0097121577709913,1
ICICIBANK.NS,2026-09-14,-0.03772345278412105,2
ICICIBANK.NS,2026-09-15,-0.35557442437857395,2
ICICIBANK.NS,2026-09-17,0.0932545512914657,1
ICICIBANK.NS,2026-09-18,-0.0501168947666883,1
ICICIBANK.NS,2026-09-19,-0.024864615251620602,3
ICICIBANK.NS,2026-09-21,-0.0259855985641479,1
ICICIBANK.NS,2026-09-26,0.36262344429269433,2
ICICIBANK.NS,2026-09-27,-0.5753092414233834,2
INFY.NS,2026-08-28,-0.38802947942167526,2
INFY.NS,2026-08-29,-0.8781995149329305,4
INFY.NS,2026-08-31,-0.7698012255132198,1
INFY.NS,2026-09-04,0.2454471159726381,1
INFY.NS,2026-09-07,-0.7208105772733688,4
INFY.NS,2026-09-09,-0.8624760291228691,3
INFY.NS,2026-09-10,0.041023850440979,1
INFY.NS,2026-09-12,-0.0205777250230312,1
INFY.NS,2026-09-15,0.28079285162190587,3
INFY.NS,2026-09-16,0.3763779147993773,8
INFY.NS,2026-09-17,0.038321823067963064,5
INFY.NS,2026-09-18,0.32697273325175047,4
INFY.NS,2026-09-19,0.8626001570373774,1
INFY.NS,2026-09-21,-0.48370554856956005,2
INFY.NS,2026-09-22,-0.08477835031226277,2
INFY.NS,2026-09-24,-0.9327612165361644,1
INFY.NS,2026-09-25,-0.5674888961948454,2
RELIANCE.NS,2026-09-08,0.3798462190510084,12
RELIANCE.NS,2026-09-09,0.3319412529468536,5
RELIANCE.NS,2026-09-10,0.0777196648220221,6
RELIANCE.NS,2026-09-11,-0.04728789937992892,6
RELIANCE.NS,2026-09-12,0.0650873649865388,1
RELIANCE.NS,2026-09-13,-0.04905670136213306,3
RELIANCE.NS,2026-09-14,-0.055667534204466,7
RELIANCE.NS,2026-09-15,0.20225044406418288,7
RELIANCE.NS,2026-09-16,0.3752889215414013,7
RELIANCE.NS,2026-09-17,0.007460473477840396,5
RELIANCE.NS,2026-09-18,-0.35841336101293564,2
RELIANCE.NS,2026-09-19,-0.06911678873002527,5
RELIANCE.NS,2026-09-20,0.28391876320044196,3
RELIANCE.NS,2026-09-21,0.43438873734946054,6
RELIANCE.NS,2026-09-23,0.6062478069216013,5
RELIANCE.NS,2026-09-24,-0.13532196730375293,9
RELIANCE.NS,2026-09-25,-0.9235488642007113,1
RELIANCE.NS,2026-09-26,-0.3783269375562668,2
RELIANCE.NS,2026-09-27,0.18421218544244766,2
TCS.NS,2026-08-28,0.37349494360387325,6
TCS.NS,2026-08-29,-0.14314612373709684,4
TCS.NS,2026-08-31,-0.9224323919042944,1
TCS.NS,2026-09-01,0.26514272997155786,2
TCS.NS,2026-09-02,0.350113958120346,1
TCS.NS,2026-09-05,0.2739559187553823,5
TCS.NS,2026-09-07,0.023102299698318025,6
TCS.NS,2026-09-08,0.5711291959354033,6
TCS.NS,2026-09-09,-0.04604417341761294,8
TCS.NS,2026-09-15,0.2874277768257473,7
TCS.NS,2026-09-16,-0.4575431793928146,1
TCS.NS,2026-09-17,0.4718155071604997,4
TCS.NS,2026-09-18,-0.4260028963908554,2
TCS.NS,2026-09-21,0.10485534789040679,2
TCS.NS,2026-09-22,0.0006630308926105,1
TCS.NS,2026-09-24,-0.020296797156333903,2
