date,ticker,close,return,sentiment_score,headline_count,sentiment_available
2026-09-07,HDFCBANK.NS,710.5,-0.0022468412312764974,-0.231198577908799,4.0,True
2026-09-08,HDFCBANK.NS,703.0,-0.010555946516537684,-0.6357275322079657,2.0,True
2026-09-09,HDFCBANK.NS,687.0999755859375,-0.02261738892469778,-0.2831763593712821,4.0,True
2026-09-10,HDFCBANK.NS,693.7999877929688,0.009751146041473424,-0.1055664227654536,9.0,True
2026-09-11,HDFCBANK.NS,708.25,0.02082734572105993,-0.2238165686527888,6.0,True
2026-09-14,HDFCBANK.NS,708.25,0.0,-0.2441784127149731,4.0,True
2026-09-15,HDFCBANK.NS,716.5499877929688,0.011719008532253827,0.1707139727659523,14.0,True
2026-09-16,HDFCBANK.NS,721.5,0.006908118472345182,-0.8407560791820288,2.0,True
2026-09-17,HDFCBANK.NS,713.0,-0.011781011781011763,-0.1850611660629511,4.0,True
2026-09-18,HDFCBANK.NS,731.0,0.02524544179523147,0.9137959443032742,1.0,True
2026-09-21,HDFCBANK.NS,739.5,0.011627906976744207,0.0336532186716795,5.0,True
2026-09-22,HDFCBANK.NS,738.5999755859375,-0.0012170715538371013,-0.0238227516412735,5.0,True
2026-09-23,HDFCBANK.NS,737.25,-0.0018277492967239128,0.5147711774334311,2.0,True
2026-09-24,HDFCBANK.NS,728.9000244140625,-0.0113258400623093,-0.1090149842202663,3.0,True
2026-09-25,HDFCBANK.NS,735.5999755859375,0.009191865753140682,-0.4247510596178472,2.0,True
2026-08-28,ICICIBANK.NS,1422.800048828125,-0.013998580160689555,-0.2721710503101349,3.0,True
2026-08-31,ICICIBANK.NS,1454.0,0.021928556438814084,0.8009078409522772,1.0,True
2026-09-01,ICICIBANK.NS,1438.0,-0.011004126547455306,0.0365653671324253,1.0,True
2026-09-02,ICICIBANK.NS,1426.5,-0.007997218358831715,0.0275523246964439,8.0,True
2026-09-03,ICICIBANK.NS,1430.0,0.002453557658604888,-0.3237322142347693,5.0,True
2026-09-04,ICICIBANK.NS,1423.199951171875,-0.004755278900786752,0.0434733387082815,1.0,True
2026-09-07,ICICIBANK.NS,1427.5,0.00302139472713181,0.2896370294814308,3.0,True
2026-09-08,ICICIBANK.NS,1399.4000244140625,-0.01968474647000873,-0.2233844995498657,1.0,True
2026-09-09,ICICIBANK.NS,1389.0999755859375,-0.007360332034035633,0.4076793044805527,1.0,True
2026-09-10,ICICIBANK.NS,1384.5,-0.00331147913525609,0.0153793524950742,1.0,True
2026-09-11,ICICIBANK.NS,1379.300048828125,-0.003755833276904985,0.0153793524950742,0.0,False
2026-09-14,ICICIBANK.NS,1379.300048828125,0.0,-0.037723452784121,2.0,True
2026-09-15,ICICIBANK.NS,1350.4000244140625,-0.0209526741035182,-0.3555744243785739,2.0,True
2026-09-16,ICICIBANK.NS,1358.800048828125,0.006220397113593901,-0.3555744243785739,0.0,False
2026-09-17,ICICIBANK.NS,1347.5999755859375,-0.008242620576770499,0.0932545512914657,1.0,True
2026-09-18,ICICIBANK.NS,1338.9000244140625,-0.006455885522031357,-0.0501168947666883,1.0,True
2026-09-21,ICICIBANK.NS,1345.0,0.004555960471064324,-0.0259855985641479,1.0,True
2026-09-22,ICICIBANK.NS,1339.5999755859375,-0.004014888040195119,-0.0259855985641479,0.0,False
2026-09-23,ICICIBANK.NS,1340.0,0.00029861482633086744,-0.0259855985641479,0.0,False
2026-09-24,ICICIBANK.NS,1334.5,-0.004104477611940327,-0.0259855985641479,0.0,False
2026-08-28,INFY.NS,1144.0,0.02988832347180792,-0.3880294794216752,2.0,True
2026-08-31,INFY.NS,1133.800048828125,-0.008916041234156458,-0.7698012255132198,1.0,True
2026-09-01,INFY.NS,1156.0,0.019580128960851928,-0.7698012255132198,0.0,False
2026-09-02,INFY.NS,1140.0,-0.01384083044982698,-0.7698012255132198,0.0,False
2026-09-03,INFY.NS,1130.300048828125,-0.008508729098135936,-0.7698012255132198,0.0,False
2026-09-04,INFY.NS,1130.0,-0.00026545944896316787,0.2454471159726381,1.0,True
2026-09-07,INFY.NS,1087.5,-0.03761061946902655,-0.7208105772733688,4.0,True
2026-09-08,INFY.NS,1082.0,-0.005057471264367841,-0.7208105772733688,0.0,False
2026-09-09,INFY.NS,1035.0,-0.043438077634011085,-0.8624760291228691,3.0,True
2026-09-10,INFY.NS,1036.5,0.0014492753623187582,0.041023850440979,1.0,True
2026-09-11,INFY.NS,1037.699951171875,0.0011576952936565021,0.041023850440979,0.0,False
2026-09-14,INFY.NS,1037.699951171875,0.0,0.041023850440979,0.0,False
2026-09-15,INFY.NS,1077.0,0.03787226624010476,0.2807928516219058,3.0,True
2026-09-16,INFY.NS,1060.0,-0.01578458681522743,0.3763779147993773,8.0,True
2026-09-17,INFY.NS,1058.5999755859375,-0.0013207777491155426,0.038321823067963,5.0,True
2026-09-18,INFY.NS,1051.4000244140625,-0.0068013898903500625,0.3269727332517504,4.0,True
2026-09-21,INFY.NS,1038.5,-0.012269378081146254,-0.48370554856956,2.0,True
2026-09-22,INFY.NS,1029.4000244140625,-0.008762614911831945,-0.0847783503122627,2.0,True
2026-09-23,INFY.NS,1020.5,-0.008645836606744228,-0.0847783503122627,0.0,False
2026-09-24,INFY.NS,1014.5,-0.005879470847623747,-0.9327612165361644,1.0,True
2026-09-25,INFY.NS,1000.2000122070312,-0.014095601570200844,-0.5674888961948454,2.0,True
2026-09-08,RELIANCE.NS,1294.9000244140625,-0.011149274979715518,0.3798462190510084,12.0,True
2026-09-09,RELIANCE.NS,1279.0,-0.01227895908122889,0.3319412529468536,5.0,True
2026-09-10,RELIANCE.NS,1274.0,-0.003909304143862369,0.0777196648220221,6.0,True
2026-09-11,RELIANCE.NS,1257.5,-0.01295133437990581,-0.0472878993799289,6.0,True
2026-09-14,RELIANCE.NS,1257.5,0.0,-0.055667534204466,7.0,True
2026-09-15,RELIANCE.NS,1235.300048828125,-0.017654036717196786,0.2022504440641828,7.0,True
2026-09-16,RELIANCE.NS,1240.0,0.003804704109203083,0.3752889215414013,7.0,True
2026-09-17,RELIANCE.NS,1243.9000244140625,0.0031451809790825624,0.0074604734778403,5.0,True
2026-09-18,RELIANCE.NS,1226.4000244140625,-0.014068654760452604,-0.3584133610129356,2.0,True
2026-09-21,RELIANCE.NS,1247.4000244140625,0.01712328733035795,0.4343887373494605,6.0,True
2026-09-22,RELIANCE.NS,1240.4000244140625,-0.005611672168507553,0.4343887373494605,0.0,False
2026-09-23,RELIANCE.NS,1248.0,0.006127035985449503,0.6062478069216013,5.0,True
2026-09-24,RELIANCE.NS,1219.199951171875,-0.023076962202023266,-0.1353219673037529,9.0,True
2026-09-25,RELIANCE.NS,1226.0,0.005577468094211113,-0.9235488642007113,1.0,True
2026-08-28,TCS.NS,2342.0,0.04162964851523099,0.3734949436038732,6.0,True
2026-08-31,TCS.NS,2399.300048828125,0.024466288995783625,-0.9224323919042944,1.0,True
2026-09-01,TCS.NS,2369.0,-0.01262870345996292,0.2651427299715578,2.0,True
2026-09-02,TCS.NS,2348.0,-0.008864499788940439,0.350113958120346,1.0,True
2026-09-03,TCS.NS,2320.10009765625,-0.01188241156037051,0.350113958120346,0.0,False
2026-09-04,TCS.NS,2304.0,-0.006939397861546626,0.350113958120346,0.0,False
2026-09-07,TCS.NS,2270.0,-0.01475694444444442,0.023102299698318,6.0,True
2026-09-08,TCS.NS,2255.5,-0.006387665198237857,0.5711291959354033,6.0,True
2026-09-09,TCS.NS,2208.0,-0.02105963201064065,-0.0460441734176129,8.0,True
2026-09-10,TCS.NS,2204.10009765625,-0.0017662601194520233,-0.0460441734176129,0.0,False
2026-09-11,TCS.NS,2200.800048828125,-0.0014972318324535383,-0.0460441734176129,0.0,False
2026-09-14,TCS.NS,2200.800048828125,0.0,-0.0460441734176129,0.0,False
2026-09-15,TCS.NS,2251.0,0.02280986462109791,0.2874277768257473,7.0,True
2026-09-16,TCS.NS,2188.800048828125,-0.027632141791148368,-0.4575431793928146,1.0,True
2026-09-17,TCS.NS,2190.0,0.0005482232936340203,0.4718155071604997,4.0,True
2026-09-18,TCS.NS,2105.0,-0.038812785388127824,-0.4260028963908554,2.0,True
2026-09-21,TCS.NS,2128.699951171875,0.011258884167161476,0.1048553478904067,2.0,True
2026-09-22,TCS.NS,2105.0,-0.011133533008645946,0.0006630308926105,1.0,True
2026-09-23,TCS.NS,2089.60009765625,-0.007315868096793299,0.0006630308926105,0.0,False
2026-09-24,TCS.NS,2087.0,-0.0012443039503904352,-0.0202967971563339,2.0,True
2026-09-25,TCS.NS,2082.0,-0.002395783421178743,-0.0202967971563339,0.0,False
