date,ticker,close,return,sentiment_score,headline_count,sentiment_available,lagged_sentiment,portfolio_weight,weighted_return,previous_weight,weight_change
2026-09-09,HDFCBANK.NS,687.0999755859375,-0.0226173889246977,-0.2831763593712821,4.0,True,-0.6357275322079657,0.08994476602704374,-0.002034315754974585,,0.08994476602704374
2026-09-09,ICICIBANK.NS,1389.0999755859375,-0.0073603320340356,0.4076793044805527,1.0,True,-0.2233844995498657,0.17893695845930618,-0.0013170354274209288,,0.17893695845930618
2026-09-09,INFY.NS,1035.0,-0.043438077634011,-0.8624760291228691,3.0,True,-0.7208105772733688,0.07158207739284189,-0.00310938783499405,,0.07158207739284189
2026-09-09,RELIANCE.NS,1279.0,-0.0122789590812288,0.3319412529468536,5.0,True,0.3798462190510084,0.30912667900514307,-0.0037957538424203017,,0.30912667900514307
2026-09-09,TCS.NS,2208.0,-0.0210596320106406,-0.0460441734176129,8.0,True,0.5711291959354033,0.3504095191156651,-0.007379495525601441,,0.3504095191156651
2026-09-10,HDFCBANK.NS,693.7999877929688,0.0097511460414734,-0.1055664227654536,9.0,True,-0.2831763593712821,0.16684385671813667,0.0016269188129812136,0.08994476602704374,0.07689909069109294
2026-09-10,ICICIBANK.NS,1384.5,-0.003311479135256,0.0153793524950742,1.0,True,0.4076793044805527,0.28567541780153344,-0.0009460081855053185,0.17893695845930618,0.10673845934222725
2026-09-10,INFY.NS,1036.5,0.0014492753623187,0.041023850440979,1.0,True,-0.8624760291228691,0.0672006349952835,9.739222463083622e-05,0.07158207739284189,-0.004381442397558388
2026-09-10,RELIANCE.NS,1274.0,-0.0039093041438623,0.0777196648220221,6.0,True,0.3319412529468536,0.2726479920046822,-0.0010658639249596395,0.30912667900514307,-0.03647868700046086
2026-09-10,TCS.NS,2204.10009765625,-0.001766260119452,-0.0460441734176129,0.0,False,-0.0460441734176129,0.20763209848036424,-0.0003667322950639975,0.3504095191156651,-0.14277742063530086
2026-09-11,HDFCBANK.NS,708.25,0.0208273457210599,-0.2238165686527888,6.0,True,-0.1055664227654536,0.12423211439942643,0.002587425196255118,0.16684385671813667,-0.04261174231871025
2026-09-11,ICICIBANK.NS,1379.300048828125,-0.0037558332769049,0.0153793524950742,0.0,False,0.0153793524950742,0.2140127206520946,-0.0008037960979060894,0.28567541780153344,-0.07166269714943885
2026-09-11,INFY.NS,1037.699951171875,0.0011576952936565,0.041023850440979,0.0,False,0.041023850440979,0.2330491737044572,0.00026979993158818624,0.0672006349952835,0.1658485387091737
2026-09-11,RELIANCE.NS,1257.5,-0.0129513343799058,-0.0472878993799289,6.0,True,0.0777196648220221,0.2602892526155943,-0.0033710931461203323,0.2726479920046822,-0.01235873938908788
2026-09-11,TCS.NS,2200.800048828125,-0.0014972318324535,-0.0460441734176129,0.0,False,-0.0460441734176129,0.16841673862842738,-0.00025215890219248244,0.20763209848036424,-0.03921535985193686
2026-09-14,HDFCBANK.NS,708.25,0.0,-0.2441784127149731,4.0,True,-0.2238165686527888,0.10521455842837668,0.0,0.12423211439942643,-0.019017555971049746
2026-09-14,ICICIBANK.NS,1379.300048828125,0.0,-0.037723452784121,2.0,True,0.0153793524950742,0.23728553006885733,0.0,0.2140127206520946,0.02327280941676274
2026-09-14,INFY.NS,1037.699951171875,0.0,0.041023850440979,0.0,False,0.041023850440979,0.25144502637086275,0.0,0.2330491737044572,0.018395852666405532
2026-09-14,RELIANCE.NS,1257.5,0.0,-0.055667534204466,7.0,True,-0.0472878993799289,0.20268408366687574,0.0,0.2602892526155943,-0.05760516894871859
2026-09-14,TCS.NS,2200.800048828125,0.0,-0.0460441734176129,0.0,False,-0.0460441734176129,0.20337080146502762,0.0,0.16841673862842738,0.03495406283660024
2026-09-15,HDFCBANK.NS,716.5499877929688,0.0117190085322538,0.1707139727659523,14.0,True,-0.2441784127149731,0.10441476646648998,0.001223637539114084,0.10521455842837668,-0.0007997919618867033
2026-09-15,ICICIBANK.NS,1350.4000244140625,-0.0209526741035182,-0.3555744243785739,2.0,True,-0.037723452784121,0.2167567507713486,-0.004541633558649584,0.23728553006885733,-0.020528779297508737
2026-09-15,INFY.NS,1077.0,0.0378722662401047,0.2807928516219058,3.0,True,0.041023850440979,0.2596069119199455,0.009831902086003586,0.25144502637086275,0.008161885549082759
2026-09-15,RELIANCE.NS,1235.300048828125,-0.0176540367171967,0.2022504440641828,7.0,True,-0.055667534204466,0.20699252077191105,-0.003654253561892418,0.20268408366687574,0.004308437105035312
2026-09-15,TCS.NS,2251.0,0.0228098646210979,0.2874277768257473,7.0,True,-0.0460441734176129,0.21222905007030496,0.004840915900767864,0.20337080146502762,0.008858248605277341
2026-09-16,HDFCBANK.NS,721.5,0.0069081184723451,-0.8407560791820288,2.0,True,0.1707139727659523,0.2140367133487211,0.0014785909732443333,0.10441476646648998,0.10962194688223112
2026-09-16,ICICIBANK.NS,1358.800048828125,0.0062203971135939,-0.3555744243785739,0.0,False,-0.3555744243785739,0.0761918812637474,0.00047394375829230346,0.2167567507713486,-0.1405648695076012
2026-09-16,INFY.NS,1060.0,-0.0157845868152274,0.3763779147993773,8.0,True,0.2807928516219058,0.24286844259513674,-0.003833578016822008,0.2596069119199455,-0.01673846932480877
2026-09-16,RELIANCE.NS,1240.0,0.003804704109203,0.3752889215414013,7.0,True,0.2022504440641828,0.22229670846592942,0.0008457732001626229,0.20699252077191105,0.015304187694018367
2026-09-16,TCS.NS,2188.800048828125,-0.0276321417911483,-0.4575431793928146,1.0,True,0.2874277768257473,0.24460625432646538,-0.006758994702550573,0.21222905007030496,0.03237720425616042
2026-09-17,HDFCBANK.NS,713.0,-0.0117810117810117,-0.1850611660629511,4.0,True,-0.8407560791820288,0.06972867262133053,-0.000821474313626203,0.2140367133487211,-0.14430804072739056
2026-09-17,ICICIBANK.NS,1347.5999755859375,-0.0082426205767704,0.0932545512914657,1.0,True,-0.3555744243785739,0.16544857291625809,-0.0013637298115168467,0.0761918812637474,0.08925669165251068
2026-09-17,INFY.NS,1058.5999755859375,-0.0013207777491155,0.038321823067963,5.0,True,0.3763779147993773,0.30985305365684696,-0.0004092470187654546,0.24286844259513674,0.06698461106171022
2026-09-17,RELIANCE.NS,1243.9000244140625,0.0031451809790825,0.0074604734778403,5.0,True,0.3752889215414013,0.3096382097421125,0.0009738682076780498,0.22229670846592942,0.08734150127618306
2026-09-17,TCS.NS,2190.0,0.000548223293634,0.4718155071604997,4.0,True,-0.4575431793928146,0.145331491063452,7.967410869954589e-05,0.24460625432646538,-0.09927476326301338
2026-09-18,HDFCBANK.NS,731.0,0.0252454417952314,0.9137959443032742,1.0,True,-0.1850611660629511,0.09051651492065213,0.002285129408936518,0.06972867262133053,0.020787842299321596
2026-09-18,ICICIBANK.NS,1338.9000244140625,-0.0064558855220313,-0.0501168947666883,1.0,True,0.0932545512914657,0.20328034406907441,-0.0013123546301890788,0.16544857291625809,0.03783177115281633
2026-09-18,INFY.NS,1051.4000244140625,-0.00680138989035,0.3269727332517504,4.0,True,0.038321823067963,0.18102351704207764,-0.0012312115187255877,0.30985305365684696,-0.1288295366147693
2026-09-18,RELIANCE.NS,1226.4000244140625,-0.0140686547604526,-0.3584133610129356,2.0,True,0.0074604734778403,0.16851957373068094,-0.0023708437031955873,0.3096382097421125,-0.14111863601143154
2026-09-18,TCS.NS,2105.0,-0.0388127853881278,-0.4260028963908554,2.0,True,0.4718155071604997,0.35666005023751485,-0.013842969986387545,0.145331491063452,0.21132855917406285
2026-09-21,HDFCBANK.NS,739.5,0.0116279069767442,0.0336532186716795,5.0,True,0.9137959443032742,0.4,0.00465116279069768,0.09051651492065213,0.30948348507934786
2026-09-21,ICICIBANK.NS,1345.0,0.0045559604710643,-0.0259855985641479,1.0,True,-0.0501168947666883,0.1692359682693835,0.0007710323817176033,0.20328034406907441,-0.03404437579969091
2026-09-21,INFY.NS,1038.5,-0.0122693780811462,-0.48370554856956,2.0,True,0.3269727332517504,0.2637179382530889,-0.0032356550912075164,0.18102351704207764,0.08269442121101128
2026-09-21,RELIANCE.NS,1247.4000244140625,0.0171232873303579,0.4343887373494605,6.0,True,-0.3584133610129356,0.09199051969253719,0.001575180100364261,0.16851957373068094,-0.07652905403814375
2026-09-21,TCS.NS,2128.699951171875,0.0112588841671614,0.1048553478904067,2.0,True,-0.4260028963908554,0.07505557378499034,0.0008450420113450419,0.35666005023751485,-0.2816044764525245
2026-09-22,HDFCBANK.NS,738.5999755859375,-0.0012170715538371,-0.0238227516412735,5.0,True,0.0336532186716795,0.2052851766849692,-0.0002498467489676991,0.4,-0.19471482331503082
2026-09-22,ICICIBANK.NS,1339.5999755859375,-0.0040148880401951,-0.0259855985641479,0.0,False,-0.0259855985641479,0.19028413553489,-0.0007639694999978933,0.1692359682693835,0.021048167265506484
2026-09-22,INFY.NS,1029.4000244140625,-0.0087626149118319,-0.0847783503122627,2.0,True,-0.48370554856956,0.07515314998746749,-0.0006585381127513219,0.2637179382530889,-0.18856478826562145
2026-09-22,RELIANCE.NS,1240.4000244140625,-0.0056116721685075,0.4343887373494605,0.0,False,0.4343887373494605,0.3060827827510473,-0.0017176362332233797,0.09199051969253719,0.2140922630585101
2026-09-22,TCS.NS,2105.0,-0.0111335330086459,0.0006630308926105,1.0,True,0.1048553478904067,0.22319475504162606,-0.0024849461726125796,0.07505557378499034,0.14813918125663572
2026-09-23,HDFCBANK.NS,737.25,-0.0018277492967239,0.5147711774334311,2.0,True,-0.0238227516412735,0.1563835622187958,-0.00028582994586458227,0.2052851766849692,-0.048901614466173415
2026-09-23,ICICIBANK.NS,1340.0,0.0002986148263308,-0.0259855985641479,0.0,False,-0.0259855985641479,0.15495402909233602,4.627157048666565e-05,0.19028413553489,-0.035330106442553966
2026-09-23,INFY.NS,1020.5,-0.0086458366067442,-0.0847783503122627,0.0,False,-0.0847783503122627,0.11609497469936128,-0.0010037381821147795,0.07515314998746749,0.040941824711893796
2026-09-23,RELIANCE.NS,1248.0,0.0061270359854495,0.6062478069216013,5.0,True,0.4343887373494605,0.4,0.0024508143941798003,0.3060827827510473,0.09391721724895274
2026-09-23,TCS.NS,2089.60009765625,-0.0073158680967932,0.0006630308926105,0.0,False,0.0006630308926105,0.172567433989507,-0.0012624805848693006,0.22319475504162606,-0.05062732105211906
2026-09-24,HDFCBANK.NS,728.9000244140625,-0.0113258400623093,-0.1090149842202663,3.0,True,0.5147711774334311,0.32116987982307305,-0.0036375186917072242,0.1563835622187958,0.16478631760427725
2026-09-24,ICICIBANK.NS,1334.5,-0.0041044776119403,-0.0259855985641479,0.0,False,-0.0259855985641479,0.11155362801411944,-0.00045786936871466954,0.15495402909233602,-0.04340040107821658
2026-09-24,INFY.NS,1014.5,-0.0058794708476237,-0.9327612165361644,1.0,True,-0.0847783503122627,0.08876349980492748,-0.0005218824094361231,0.11609497469936128,-0.0273314748944338
2026-09-24,RELIANCE.NS,1219.199951171875,-0.0230769622020232,-0.1353219673037529,9.0,True,0.6062478069216013,0.35662942291627414,-0.008229923712768204,0.4,-0.04337057708372588
2026-09-24,TCS.NS,2087.0,-0.0012443039503904,-0.0202967971563339,2.0,True,0.0006630308926105,0.12188356944160585,-0.0001516602069438728,0.172567433989507,-0.05068386454790115
