date,equal_weight_return,sentiment_return,equal_cumulative,sentiment_cumulative
2026-09-01,-0.004726566001483639,-0.01172616073079201,0.9952734339985163,0.988273839269208
2026-09-02,-0.0033723436295544206,-0.008479041375558757,0.9919170299737067,0.979894224495662
2026-09-03,0.00049071153172096,0.0024535576586048,0.9924037750988252,0.982298451474796
2026-09-04,-0.00100414766994996,-0.0027598035888651003,0.9914072551604102,0.9795875006830792
2026-09-07,-0.009869233837267821,-0.017930251326411052,0.9816228251312683,0.9620232505996208
2026-09-08,-0.007325671636956821,-0.012970186057717294,0.9744317786430147,0.9495456300474937
2026-09-09,-0.02135087793692274,-0.01767785653090876,0.9536268046793492,0.9327596986299627
2026-09-10,0.0007959276249347601,-3.044528762257727e-06,0.9543858225970718,0.9327568588162319
2026-09-11,0.0015752022682308199,0.002061412331634511,0.955889173309594,0.9346796553074124
2026-09-14,0.0,0.0,0.955889173309594,0.9346796553074124
2026-09-15,0.006758885714548302,0.010026077583173655,0.9623499189877677,0.9440508260469386
2026-09-16,-0.00654078120496552,-0.012576336210310849,0.9560553987250524,0.9321781254589506
2026-09-17,-0.0035302011668362204,-0.0019623727835534933,0.9526803308409132,0.9303488444761261
2026-09-18,-0.008178654753146062,-0.0162122337616992,0.9448886873248524,0.9152658115295523
2026-09-21,0.00645933217283632,0.002955871849487727,0.9509920372226389,0.9179712199766511
2026-09-22,-0.0042226438948629805,-0.007235316332839466,0.9469763365025975,0.9113294078156775
2026-09-23,0.0008598573377451202,0.0025915758600391003,0.9477906010542103,0.9136911871095162
2026-09-24,-0.00830531541246932,-0.012584287486126557,0.9399189011674812,0.9021930345373897
2026-09-25,0.00013474645543017994,0.0021651997026620835,0.9400455519078054,0.904146462627514
