date,equal_weight_return,sentiment_weight_return,equal_turnover,sentiment_turnover,initial_formation,equal_ongoing_turnover,sentiment_ongoing_turnover,equal_transaction_cost,sentiment_transaction_cost,equal_net_return,sentiment_net_return,equal_weight_cumulative,sentiment_cumulative
2026-08-31,0.007495760840088241,0.01651875778549596,0.6000000000000001,0.9999999999999999,True,0.0,0.0,0.0006000000000000001,0.0009999999999999998,0.006895760840088241,0.01551875778549596,1.0068957608400881,1.015518757785496
2026-09-01,-0.0008105402093132592,0.0009046602733660627,0.0,0.4000000000000003,False,0.0,0.4000000000000003,0.0,0.0004000000000000003,-0.0008105402093132592,0.0005046602733660624,1.00607963133934,1.0160312497594084
2026-09-02,-0.0061405097195198,-0.00951285334907422,0.0,0.40000000000000013,False,0.0,0.40000000000000013,0.0,0.00040000000000000013,-0.0061405097195198,-0.00991285334907422,0.9999017895844899,1.0059594809824668
2026-09-03,-0.0035875165999803204,-0.0054732873803334595,0.0,1.1102230246251565e-16,False,0.0,1.1102230246251565e-16,0.0,1.1102230246251566e-19,-0.0035875165999803204,-0.0054732873803334595,0.9963146253160056,1.0004535756500785
2026-09-04,-0.00239202724225928,-0.00473096259472594,0.0,1.1102230246251565e-16,False,0.0,1.1102230246251565e-16,0.0,1.1102230246251566e-19,-0.00239202724225928,-0.00473096259472594,0.9939314135903883,0.9957204672059182
2026-09-07,-0.009869233837267821,-0.020342746619962,0.0,0.40000000000000013,False,0.0,0.40000000000000013,0.0,0.00040000000000000013,-0.009869233837267821,-0.020742746619962,0.9841220720514586,0.9750664898503557
2026-09-08,-0.008337165889830382,-0.012365539888261381,0.2,0.8287911039871868,False,0.2,0.8287911039871868,0.0002,0.0008287911039871869,-0.008537165889830382,-0.013194330992248569,0.9757204586665118,0.9622011398438202
2026-09-09,-0.02135087793692274,-0.0176359883854113,0.2,0.708378502190149,False,0.2,0.708378502190149,0.0002,0.000708378502190149,-0.02155087793692274,-0.018344366887601448,0.9546928261612315,0.9445501691148568
2026-09-10,0.0004426756010443601,-0.0006542933679169063,0.0,0.3672751000666401,False,0.0,0.3672751000666401,0.0,0.0003672751000666401,0.0004426756010443601,-0.0010215684679835465,0.9551154453818651,0.9435852464456606
2026-09-11,0.0007561283050904397,-0.0015698230183756002,0.0,0.3316970774183475,False,0.0,0.3316970774183475,0.0,0.0003316970774183475,0.0007561283050904397,-0.0019015200957939477,0.9558376352047475,0.9417910001374494
2026-09-14,0.0,0.0,0.0,0.15324544983953692,False,0.0,0.15324544983953692,0.0,0.00015324544983953692,0.0,-0.00015324544983953692,0.9558376352047475,0.9416466749519785
2026-09-15,0.006758885714548302,0.007700568405343531,0.0,0.042657142518790825,False,0.0,0.042657142518790825,0.0,4.2657142518790824e-05,0.006758885714548302,0.00765791126282474,0.9622980325427606,0.9488577216296947
2026-09-16,-0.0052967017822467405,-0.0077942647876733185,0.0,0.3146066776648201,False,0.0,0.3146066776648201,0.0,0.0003146066776648201,-0.0052967017822467405,-0.008108871465338138,0.9572010268387389,0.9411635563261059
2026-09-17,-0.0035302011668362204,-0.0015409088275309076,0.0,0.48716560798080777,False,0.0,0.48716560798080777,0.0,0.0004871656079808078,-0.0035302011668362204,-0.0020280744355117156,0.9538219146568959,0.9392548065778857
2026-09-18,-0.008178654753146062,-0.01647225042956128,0.0,0.5398963452524017,False,0.0,0.5398963452524017,0.0,0.0005398963452524018,-0.008178654753146062,-0.01701214677481368,0.9460209345209324,0.9232760659494336
2026-09-21,0.00645933217283632,0.004606762192917068,0.0,0.7843558125807184,False,0.0,0.7843558125807184,0.0,0.0007843558125807185,0.00645933217283632,0.0038224063803363496,0.9521315979794601,0.9268052022747304
2026-09-22,-0.006147955936603501,-0.005874936767552872,0.0,0.7665592231613046,False,0.0,0.7665592231613046,0.0,0.0007665592231613046,-0.006147955936603501,-0.006641495990714176,0.9462779348692345,0.9206498292396498
2026-09-23,-0.0022727606376962,-5.4962748182195865e-05,0.0,0.26971808392169294,False,0.0,0.26971808392169294,0.0,0.00026971808392169295,-0.0022727606376962,-0.0003246808321038888,0.9441272716265432,0.9203509118870159
2026-09-24,-0.00912621093485738,-0.012998854389570092,0.0,0.32957263520855473,False,0.0,0.32957263520855473,0.0,0.00032957263520855474,-0.00912621093485738,-0.013328427024778646,0.9355109669963281,0.9080840819207413
2026-09-25,-0.0003444102288055601,0.00254848161889775,0.0,0.29687295959171417,False,0.0,0.29687295959171417,0.0,0.0002968729595917142,-0.0003444102288055601,0.0022516086593060355,0.9351887674501347,0.910128731902972
