metric,value
Trading Days,20.0
Equal-Weight Total Return,-0.0648112325498651
Sentiment-Weighted Total Return,-0.08987126809702761
Equal-Weight Final Value,0.9351887674501348
Sentiment-Weighted Final Value,0.910128731902972
Equal-Weight Average Turnover,0.02
Sentiment Average Ongoing Turnover,0.3710395860691333
Equal-Weight Total Transaction Costs,0.001
Sentiment Total Transaction Costs,0.008420791721382092
Gross Sentiment Return,-0.0821396585776144
Sentiment Return at 0.05% Cost,-0.0860130592828652
Sentiment Return at 0.10% Cost,-0.0898712680970279
Sentiment Return at 0.20% Cost,-0.097542330542617
