ticker,date,headline,source,positive,negative,neutral,sentiment_score
HDFCBANK.NS,2026-09-07 06:59:16+00:00,Good news for HDFC Bank borrowers: Bank cuts lending rates across tenures by up to 10 bps; check latest list,The Times of India,0.07450710237026215,0.830091118812561,0.09540177136659622,-0.7555840164422989
HDFCBANK.NS,2026-09-07 14:57:00+00:00,HDFC Bank cuts MCLR lending benchmarks from today by 5-10 basis points: Check detailed rates,Livemint,0.034398842602968216,0.7042387127876282,0.2613624334335327,-0.66983987018466
HDFCBANK.NS,2026-09-07 16:47:10+00:00,HDFC Bank and ICICI Bank buy India’s first tokenized bond from REC,Crypto Briefing,0.4103430509567261,0.010988452471792698,0.578668475151062,0.3993545984849334
HDFCBANK.NS,2026-09-07 17:35:00+00:00,"HDB ALERT: HAGENS BERMAN, NATIONAL TRIAL ATTORNEYS, Encourages HDFC Bank Limited (NYSE: HDB) Investors to Contact its Legal Team Regarding Securities Fraud Class Action Lawsuit",PRNewswire,0.11852984130382538,0.017254864796996117,0.8642153143882751,0.10127497650682926
HDFCBANK.NS,2026-09-08 05:35:57+00:00,"HDFC Bank shares trade flat as MCLR cut, gold loan growth remain in focus",BusinessLine,0.03125936910510063,0.9358908534049988,0.0328497514128685,-0.9046314842998981
HDFCBANK.NS,2026-09-08 06:03:00+00:00,HDFC Bank cuts MCLR by up to 10 bps: How it may affect your loan EMI,Business Standard,0.03958422318100929,0.40640780329704285,0.5540079474449158,-0.36682358011603355
HDFCBANK.NS,2026-09-09 05:48:54+00:00,"HDFC Bank, HDFC Life hit 52-week lows, down 30% in 2026; what lies ahead?",Business Standard,0.008418435230851173,0.9557312726974487,0.03585030511021614,-0.9473128374665976
HDFCBANK.NS,2026-09-09 06:43:20+00:00,HDFC Bank shares fall 2% to fresh 52-week low; here’s why,BusinessLine,0.008064640685915947,0.9465187788009644,0.04541652277112007,-0.9384541381150484
HDFCBANK.NS,2026-09-09 11:50:46+00:00,GFF2026: NPCI teams up with HDFC Bank to build AI model for retail banking - CNBC TV18,CNBCTV18,0.8251118659973145,0.0073859491385519505,0.16750217974185944,0.8177259168587625
HDFCBANK.NS,2026-09-09 21:07:00+00:00,"HDB INVESTOR DEADLINE: HDFC Bank Limited Investors with Substantial Losses Have Opportunity to Lead the HDFC Shareholder Class Action Lawsuit Before October 13, 2023",PRNewswire,0.0348450168967247,0.09950939565896988,0.8656455874443054,-0.06466437876224518
HDFCBANK.NS,2026-09-10 00:47:00+00:00,HDB Investors Have Opportunity to Lead HDFC Bank Limited Securities Fraud Lawsuit,PRNewswire,0.07651778310537338,0.02139580063521862,0.9020864367485046,0.05512198247015476
HDFCBANK.NS,2026-09-10 05:23:26+00:00,HDFC Bank shares hit fresh 52-week low for second straight day: What is driving the stock?,BusinessLine,0.010092511773109436,0.9395331144332886,0.050374340265989304,-0.9294406026601791
HDFCBANK.NS,2026-09-10 08:21:33+00:00,HDFC Bank says all seven Bahrain claims over Credit Suisse AT1 bonds rejected,The Times of India,0.08937209844589233,0.2742842435836792,0.6363436579704285,-0.18491214513778687
HDFCBANK.NS,2026-09-10 11:01:20+00:00,"HDFC Bank, Vodafone Idea and Reliance Industries were top traded contracts.",Business Standard,0.0761137455701828,0.01822308450937271,0.9056631326675415,0.05789066106081009
HDFCBANK.NS,2026-09-10 11:31:34+00:00,HDFC Bank wins all 7 Bahrain cases over Credit Suisse AT1 Bonds claims,Moneycontrol,0.4948856234550476,0.3290697932243347,0.17604462802410126,0.1658158302307129
HDFCBANK.NS,2026-09-10 12:47:50+00:00,HDFC Bank says Bahrain court rejects all seven Credit Suisse AT1 claims,Business Standard,0.04411971941590309,0.5035720467567444,0.4523082375526428,-0.4594523273408413
HDFCBANK.NS,2026-09-10 14:09:00+00:00,HDB Shareholder Alert: HDFC Bank Limited Securities Class Action Lawsuit - Investors Should Contact SueWallSt,PRNewswire,0.031108226627111435,0.17618969082832336,0.7927020788192749,-0.14508146420121193
HDFCBANK.NS,2026-09-10 14:11:59+00:00,HDFC Bank wins all seven Bahrain cases over Credit Suisse AT1 bonds,Livemint,0.7551193237304688,0.12214182317256927,0.12273874133825302,0.6329775005578995
HDFCBANK.NS,2026-09-10 15:12:42+00:00,Bahrain Court rules in favour of HDFC Bank in case against it by investors of Credit Suisse AT 1 Bonds,BusinessLine,0.0853932723402977,0.2284105122089386,0.6861962676048279,-0.1430172398686409
HDFCBANK.NS,2026-09-11 02:52:59+00:00,"Stocks to watch: Vi, OMCs, SBI, Texmaco Rail, PNB, HDFC Bank, YES Bank",Business Standard,0.05134967342019081,0.013326194137334824,0.9353241324424744,0.03802347928285599
HDFCBANK.NS,2026-09-11 06:01:39+00:00,HDFC Bank shares fall 2% to fresh 52-week low despite victory in Credit Suisse AT1 bonds cases in Bahrain,The Times of India,0.010450098663568497,0.9609653949737549,0.028584500774741173,-0.9505152963101864
HDFCBANK.NS,2026-09-11 07:29:37+00:00,HDFC Bank shares hit fresh 52-week low amid market weakness,BusinessLine,0.01122896745800972,0.9563724994659424,0.032398633658885956,-0.9451435320079327
HDFCBANK.NS,2026-09-11 11:22:26+00:00,"Market wrap: HDFC Bank, Dr Reddys, Hindalco, JSW Steel top gainers and losers on Nifty and Sensex on Friday",The Times of India,0.5246427059173584,0.3441634774208069,0.1311938613653183,0.1804792284965515
HDFCBANK.NS,2026-09-11 13:18:56+00:00,"Sensex, Nifty fall even as easing oil prices, buying in HDFC Bank, IT stocks help pare losses",BusinessLine,0.5356814861297607,0.41861864924430847,0.04569977894425392,0.11706283688545227
HDFCBANK.NS,2026-09-11 14:16:20+00:00,HDFC Bank ADRs Rise 2.5% as Mumbai Shares Rebound From 52-Week Low After CEO Exit,Ibtimes.com.au,0.5893204212188721,0.3721265494823456,0.038552992045879364,0.2171938717365265
HDFCBANK.NS,2026-09-12 01:44:02+00:00,"Bank holiday today: Are HDFC, ICICI and SBI branches closed on Saturday, September 12?",Livemint,0.016468888148665428,0.24618126451969147,0.7373498678207397,-0.22971237637102604
HDFCBANK.NS,2026-09-12 02:00:00+00:00,"HDFC Bank Limited Securities Fraud Class Action Result of Deceptive Interest Payments and Approximately 4% Stock Decline - Investors may Contact Lewis Kahn, Esq, at Kahn Swick & Foti, LLC",PRNewswire,0.01969093084335327,0.5854165554046631,0.39489251375198364,-0.5657256245613098
HDFCBANK.NS,2026-09-12 05:30:39+00:00,Parag Parikh Flexi Cap Fund: HDFC Bank and The Great Eastern Shipping Company among stocks bought and sold in August,Economictimes.com,0.055235959589481354,0.015248057432472706,0.9295159578323364,0.03998790215700865
HDFCBANK.NS,2026-09-12 11:28:07+00:00,HDFC Bank sends two names to RBI for Jagdishan’s successor as MD & CEO,The Times of India,0.04237081855535507,0.024264927953481674,0.9333643317222595,0.018105890601873398
HDFCBANK.NS,2026-09-12 11:39:43+00:00,"HDFC Bank submits two names to RBI for CEO post, strengthens board-level leadership",The Times of India,0.3116355538368225,0.01940520852804184,0.6689592599868774,0.29223034530878067
HDFCBANK.NS,2026-09-12 11:58:01+00:00,HDFC Bank submits two candidates to RBI for next CEO,The Times of India,0.037088438868522644,0.0186671931296587,0.9442443251609802,0.018421245738863945
HDFCBANK.NS,2026-09-12 12:12:58+00:00,HDFC Bank names 2 MD & CEO candidates for RBI approval as Sashidhar Jagdishan prepares to exit,Livemint,0.07165050506591797,0.014657042920589447,0.9136924743652344,0.05699346214532852
HDFCBANK.NS,2026-09-12 14:47:29+00:00,Who is Jimmy Tata? HDFC Bank appoints Chief Credit Officer as Executive Director for 3 years,Livemint,0.020569046959280968,0.05425884202122688,0.9251721501350403,-0.033689795061945915
HDFCBANK.NS,2026-09-12 22:57:26+00:00,HDFC Bank sends names of 2 CEO candidates to RBI,The Times of India,0.034158188849687576,0.020068764686584473,0.9457730650901794,0.014089424163103104
HDFCBANK.NS,2026-09-13 02:50:47+00:00,"Bank holidays this week: SBI, HDFC, ICICI, PNB closed on up to 4 days from 14–20 Sep; check city-wise RBI list",Livemint,0.025166714563965797,0.03487887233495712,0.939954400062561,-0.009712157770991325
HDFCBANK.NS,2026-09-13 15:16:21+00:00,Four rules made HDFC Bank a compounder. All four have stopped. Can the new CEO rewrite them?,The Times of India,0.03013097494840622,0.23539027571678162,0.7344787120819092,-0.2052593007683754
HDFCBANK.NS,2026-09-13 16:38:24+00:00,"Bharucha, Balasubramanian believed to be in race for top position at HDFC Bank",BusinessLine,0.11158930510282516,0.017053712159395218,0.8713570237159729,0.09453559294342995
HDFCBANK.NS,2026-09-13 17:47:52+00:00,Race for HDFC Bank MD & CEO likely between insider and outsider,Business Standard,0.07013154029846191,0.04286646470427513,0.8870020508766174,0.027265075594186783
HDFCBANK.NS,2026-09-14 00:30:57+00:00,"Bank holiday today: Are SBI, HDFC, ICICI branches closed on Monday, 14 September, for Ganesh Chaturthi?",Livemint,0.018351750448346138,0.09492041915655136,0.8867278099060059,-0.07656866870820522
HDFCBANK.NS,2026-09-14 05:26:50+00:00,HDFC Bank shares hit 52-week lows over consecutive sessions while analysts scream Buy. Has the stock hit its bottom?,The Times of India,0.010072139091789722,0.9488828182220459,0.04104505106806755,-0.9388106791302562
HDFCBANK.NS,2026-09-14 18:16:53+00:00,HDFC Bank MD and CEO choice key to ending succession uncertainty,Business Standard,0.06176183000206947,0.024217896163463593,0.914020299911499,0.03754393383860588
HDFCBANK.NS,2026-09-14 18:21:29+00:00,"In HDFC Bank CEO race, ICICI Life Insurance veteran is frontrunner: Who is Anup Bagchi?",Livemint,0.05206599831581116,0.05094423517584801,0.8969897627830505,0.00112176313996315
HDFCBANK.NS,2026-09-15 00:30:00+00:00,"Stocks in news: Tata Group stocks, HDFC Bank, Coforge, HFCL, Sun Pharma and Varun Beverages",The Times of India,0.029839903116226196,0.028436046093702316,0.9417241215705872,0.00140385702252388
HDFCBANK.NS,2026-09-15 01:26:27+00:00,"Stocks to watch, Sept 15: HDFC Bank, BSE, broking firms, HCL Tech, Deccan Gold Mines, CESC, Glenmark, BHEL, Patel Airtemp, Lenskart, Heidelberg, AU Small Fiance Bank, Gland Pharma",BusinessLine,0.05421847477555275,0.014635390602052212,0.9311461448669434,0.03958308417350054
HDFCBANK.NS,2026-09-15 02:40:41+00:00,"Stocks to watch: HDFC Bank, HFCL, Emami, Coforge, Solar Inds, Vodafone Idea",Business Standard,0.03441586345434189,0.017631983384490013,0.947952151298523,0.016783880069851875
HDFCBANK.NS,2026-09-15 03:34:12+00:00,"Stock Alert: Lalithaa Jewellery Mart, HDFC Bank, KEC International, Aurobindo Pharma",Business Standard,0.04297209903597832,0.016183355823159218,0.9408445954322815,0.0267887432128191
HDFCBANK.NS,2026-09-15 03:44:17+00:00,"HDFC Bank shares in focus as lender shortlists CEO candidates. Why Bernstein, Nomura, others see up to 62% upside",The Times of India,0.3831111788749695,0.03508245199918747,0.5818063616752625,0.348028726875782
HDFCBANK.NS,2026-09-15 04:42:10+00:00,HDFC Bank records best single-day gain in over 2 months; stock up 3%,Business Standard,0.941039502620697,0.026666343212127686,0.032294075936079025,0.9143731594085693
HDFCBANK.NS,2026-09-15 04:57:39+00:00,HDFC Bank shares surge over 3% as CEO succession process moves ahead,BusinessLine,0.8099899291992188,0.062367916107177734,0.1276421844959259,0.747622013092041
HDFCBANK.NS,2026-09-15 06:08:53+00:00,"HDFC Bank share price target: What are Jefferies, 3 other foreign brokerages saying as CEO hunt intensifies?",The Times of India,0.04409565404057503,0.17169088125228882,0.7842134237289429,-0.1275952272117138
HDFCBANK.NS,2026-09-15 06:22:01+00:00,How to trade HDFC Bank shares? Here’s what technical analysts are saying as lender hunts for new CEO,The Times of India,0.043809376657009125,0.020934829488396645,0.935255765914917,0.02287454716861248
HDFCBANK.NS,2026-09-15 06:23:04+00:00,"Personal loan interest rates September 2026: Axis Bank, HDFC, ICICI and 5 others start at 8.90%",Livemint,0.036742325872182846,0.018819162622094154,0.9444385170936584,0.01792316325008869
HDFCBANK.NS,2026-09-15 08:01:31+00:00,"HDFC Bank Ltd spurts 1.51%, gains for third straight session",Business Standard,0.9353641867637634,0.0322938971221447,0.03234189376235008,0.9030702896416187
HDFCBANK.NS,2026-09-15 12:31:37+00:00,"Rs 1.39 lakh charged from HDFC credit card without holder's approval, bank says transaction used card details and OTP; court orders HDFC Bank to pay Rs 1.75 lakh",The Times of India,0.030099568888545036,0.6979680061340332,0.271932452917099,-0.6678684372454882
HDFCBANK.NS,2026-09-15 13:32:41+00:00,HDFC Bank shares rise after lender submits two names for CEO position,Business Standard,0.15160837769508362,0.12282680720090866,0.7255648374557495,0.028781570494174957
HDFCBANK.NS,2026-09-15 19:51:00+00:00,HDC Deadline: HDB Investors Have Opportunity to Lead HDFC Bank Limited Securities Fraud Lawsuit,PRNewswire,0.13772176206111908,0.019495513290166855,0.8427826762199402,0.11822624877095222
HDFCBANK.NS,2026-09-16 06:46:53+00:00,HDFC Bank shares trade flat after rising in previous session,BusinessLine,0.025613389909267426,0.9502177834510803,0.024168839678168297,-0.9246043935418129
HDFCBANK.NS,2026-09-16 17:15:00+00:00,HDFC Bank Limited (HDB) Shareholders Who Lost Money Have Opportunity to Lead Securities Fraud Lawsuit,PRNewswire,0.01581704244017601,0.7727248072624207,0.21145811676979065,-0.7569077648222446
HDFCBANK.NS,2026-09-17 02:02:00+00:00,Robbins LLP Urges HDB Stockholders to Contact the Firm for Information About the Class Action Against HDFC Bank Limited,PRNewswire,0.055067066103219986,0.03228018805384636,0.9126527905464172,0.022786878049373627
HDFCBANK.NS,2026-09-17 04:14:37+00:00,HDFC Bank is winning the mutual fund vote over ICICI Bank. Can the shift last?,The Times of India,0.1200040727853775,0.026749521493911743,0.8532464504241943,0.09325455129146576
HDFCBANK.NS,2026-09-17 06:57:13+00:00,HDFC Bank shares dip below ₹716; Stock hits day low,BusinessLine,0.021500810980796814,0.9380633234977722,0.04043586179614067,-0.9165625125169754
HDFCBANK.NS,2026-09-17 11:33:31+00:00,"Market wrap: HDFC Life, Tata Motors PV, BEL, HDFC Bank, ONGC top gainers and losers on Nifty and Sensex on Thursday",The Times of India,0.3432118892669678,0.2829354703426361,0.3738526403903961,0.060276418924331665
HDFCBANK.NS,2026-09-18 05:28:20+00:00,HDFC Bank shares gain over 1%,BusinessLine,0.934622585773468,0.020826641470193863,0.04455083608627319,0.9137959443032742
HDFCBANK.NS,2026-09-19 01:35:00+00:00,"Saturday bank holiday: Are HDFC Bank, ICICI Bank, SBI open or closed today on September 19, 2026?",The Times of India,0.017873629927635193,0.04928179085254669,0.9328446388244629,-0.0314081609249115
HDFCBANK.NS,2026-09-19 02:00:00+00:00,"HDFC Bank Shareholder Alert: ClaimsFiler Reminds Investors With Losses In Excess Of $100,000 Of Lead Plaintiff Deadline In Class Action Lawsuit Against HDFC Bank Limited - HDB",PRNewswire,0.05229993909597397,0.8620042204856873,0.08569575846195221,-0.8097042813897133
HDFCBANK.NS,2026-09-19 02:13:20+00:00,"Bank holiday today: Check if SBI, HDFC, ICICI branches are open or closed on Saturday, September 19",Livemint,0.018063804134726524,0.06554168462753296,0.9163945317268372,-0.047477880492806435
HDFCBANK.NS,2026-09-21 06:06:12+00:00,"HDFC Bank shares rise over 1%, trading at day’s high",BusinessLine,0.933053195476532,0.023051299154758453,0.04389551281929016,0.9100018963217735
HDFCBANK.NS,2026-09-21 08:16:55+00:00,Calcutta HC extends interim order on AITC's three HDFC Bank accounts till January 29,The Times of India,0.02523776888847351,0.5285608172416687,0.4462014138698578,-0.5033230483531952
HDFCBANK.NS,2026-09-21 16:18:00+00:00,"HDFC Bank Limited (HDB) Investors: Securities Fraud Class Action Filed, Contact Hagens Berman Before October 13, 2026 Lead Plaintiff Deadline",PRNewswire,0.02383800595998764,0.15453574061393738,0.8216263055801392,-0.13069773465394974
HDFCBANK.NS,2026-09-21 17:08:20+00:00,"Bank Strike Sept 28-30: What consumers should know about UPI, ATM transaction, cash withdrawal from SBI, HDFC Banks",Livemint,0.021977132186293602,0.10370655357837677,0.8743163347244263,-0.08172942139208317
HDFCBANK.NS,2026-09-21 23:10:00+00:00,"RBI weighs Anup Bagchi for HDFC top job; seeks feedback from Irda, ICICI Bank on his candidature due to 3-year gap from mainstream banking",The Times of India,0.19271008670330048,0.21869568526744843,0.5885942578315735,-0.02598559856414795
HDFCBANK.NS,2026-09-22 05:06:00+00:00,HDFC Bank Limited Sued for Securities Law Violations - Contact the DJS Law Group to Discuss Your Rights - HDB,PRNewswire,0.028958773240447044,0.15734891593456268,0.8136923313140869,-0.12839014269411564
HDFCBANK.NS,2026-09-22 06:38:49+00:00,HDFC Bank shares hit 7-week high as RBI weighs Anup Bagchi for CEO post. What lies ahead?,The Times of India,0.05924421548843384,0.05484903231263161,0.8859068155288696,0.004395183175802231
HDFCBANK.NS,2026-09-22 07:43:12+00:00,HDFC Bank shares flat; Q2 results on October 17,BusinessLine,0.017798859626054764,0.9654103517532349,0.016790801659226418,-0.9476114921271801
HDFCBANK.NS,2026-09-22 09:15:00+00:00,HDB Investors Have Opportunity to Lead HDFC Bank Limited Securities Fraud Lawsuit with SBS Law,PRNewswire,0.11629918962717056,0.04941045120358467,0.8342903852462769,0.06688873842358589
HDFCBANK.NS,2026-09-22 09:55:40+00:00,HDFC Bank adds ₹93K crore to m-cap as stock gains in 7 out of 8 sessions,Business Standard,0.9068997502326965,0.02129579521715641,0.0718044713139534,0.8856039550155401
HDFCBANK.NS,2026-09-23 07:00:53+00:00,HDFC Bank shares edge higher on UBS Buy call; Q2 results in focus,BusinessLine,0.9327837228775024,0.03787659481167793,0.02933964505791664,0.8949071280658245
HDFCBANK.NS,2026-09-23 13:09:56+00:00,"HDFC Bank eyes digital rupee for rewards, allowances, in-flight payments",Business Standard,0.1452784538269043,0.010643227025866508,0.8440783023834229,0.1346352268010378
HDFCBANK.NS,2026-09-24 01:15:00+00:00,"HDB IMPORTANT DEADLINE: ROSEN, A GLOBALLY RECOGNIZED LAW FIRM, Encourages HDFC Bank Limited Investors to Secure Counsel Before Important Deadline in Securities Class Action - HDB",PRNewswire,0.7105824947357178,0.010961507447063923,0.27845603227615356,0.6996209872886539
HDFCBANK.NS,2026-09-24 07:14:40+00:00,HDFC Bank shares down 26% YTD; Q2 results due Oct 17,BusinessLine,0.008411853574216366,0.9704023003578186,0.02118586376309395,-0.9619904467836022
HDFCBANK.NS,2026-09-24 17:40:00+00:00,Lesson from HDFC Bank contoversy: Boards of companies should not conduct business in haste,The Times of India,0.02544025518000126,0.0901157483458519,0.884443998336792,-0.06467549316585064
HDFCBANK.NS,2026-09-25 05:33:33+00:00,"HDFC Bank shares trade flat, Q2 results in focus",BusinessLine,0.011557835154235363,0.962334930896759,0.02610722929239273,-0.9507770957425237
HDFCBANK.NS,2026-09-25 16:04:00+00:00,"HDB ALERT: Hagens Berman, National Trial Attorneys, Encourages HDFC Bank Limited (NYSE: HDB) Investors to Contact its Legal Team Regarding Securities Fraud Class Action Lawsuit",PRNewswire,0.11852984130382538,0.017254864796996117,0.8642153143882751,0.10127497650682926
HDFCBANK.NS,2026-09-26 02:04:40+00:00,"Bank holiday today: Check if SBI, HDFC, ICICI branches are open or closed on Saturday, 26 September",Livemint,0.018766846507787704,0.06475047022104263,0.91648268699646,-0.04598362371325493
HDFCBANK.NS,2026-09-27 02:25:29+00:00,"Bank holidays this week: Strike, national holiday — SBI, HDFC, ICICI, PNB closed for at least 1 day from Sept 28-Oct 4",Livemint,0.015452737919986248,0.24238631129264832,0.7421609163284302,-0.22693357337266207
HDFCBANK.NS,2026-09-27 13:39:43+00:00,"Bank strike tomorrow: Full list of banks facing work disruption; will HDFC Bank, Axis Bank, SBI, PNB & ICICI Bank remain closed?",The Times of India,0.007647201884537935,0.9313321113586426,0.061020709574222565,-0.9236849094741046
HDFCBANK.NS,2026-09-27 15:29:21+00:00,"HDFC Bank CEO's to-do list in coming weeks: Growth, Casa, investor trust",Business Standard,0.04402397945523262,0.024110212922096252,0.9318658709526062,0.019913766533136368
HDFCBANK.NS,2026-09-27 18:23:36+00:00,"3-day bank strike deferred after bank union body meet: Will SBI, HDFC Bank remain open on Monday, 28 September?",Livemint,0.01904607005417347,0.5390903353691101,0.4418635368347168,-0.5200442653149366
HDFCBANK.NS,2026-09-27 18:41:55+00:00,"3-day bank strike deferred: What happened during union body meet? Will SBI, HDFC Bank now remain open 5 days a week?",Livemint,0.018385376781225204,0.6542342901229858,0.32738029956817627,-0.6358489133417606
ICICIBANK.NS,2026-08-28 06:49:54+00:00,ICICI Bank shares slide 1.32% amid $1 billion bond issuance and employee stock allotment,BusinessLine,0.008796827867627144,0.9706549644470215,0.02054816298186779,-0.9618581365793943
ICICIBANK.NS,2026-08-28 07:20:15+00:00,ICICI Bank completes issuance of USD 1 billion Senior Notes,Business Standard,0.145804300904274,0.01634642668068409,0.8378492593765259,0.1294578742235899
ICICIBANK.NS,2026-08-28 11:04:20+00:00,"Market wrap: TCS, Tech Mahindra, ICICI Bank, ITC top gainers and losers on Nifty and Sensex on Friday",The Times of India,0.3290557861328125,0.3131686747074127,0.3577755093574524,0.01588711142539978
ICICIBANK.NS,2026-08-29 02:07:32+00:00,"Bank Holiday Today, 29 August: Are SBI, PNB, HDFC, ICICI, and Axis Bank branches open?",Livemint,0.027930183336138725,0.03706229478120804,0.9350075125694275,-0.009132111445069313
ICICIBANK.NS,2026-08-30 01:33:06+00:00,"Bank holidays this week: SBI, HDFC, ICICI, PNB closed for upto 2 days between 31 Aug - 6 Sep; RBI holiday calendar here",Livemint,0.01773802563548088,0.05847250670194626,0.9237895011901855,-0.04073448106646538
ICICIBANK.NS,2026-08-31 13:58:31+00:00,"ICICI Bank closes market cap gap with HDFC Bank, reaches 95% of rival",Business Standard,0.8230900764465332,0.02218223549425602,0.15472768247127533,0.8009078409522772
ICICIBANK.NS,2026-09-01 02:24:54+00:00,"Stocks to watch: ITC, Happiest Minds, ICICI Bank, PVR Inox, Cipla & more",Business Standard,0.05381946638226509,0.017254099249839783,0.9289264678955078,0.03656536713242531
ICICIBANK.NS,2026-09-02 02:50:07+00:00,ICICI Bank mobilises $17.88 billion through FCNR(B) deposits under RBI swap facility,Businessupturn.com,0.1651090681552887,0.008816519752144814,0.8260744214057922,0.15629254840314388
ICICIBANK.NS,2026-09-02 04:10:32+00:00,ICICI Bank mobilises $17.88 billion under RBI’s FCNR deposit scheme,BusinessLine,0.09641622751951218,0.014186692424118519,0.8893970251083374,0.08222953509539366
ICICIBANK.NS,2026-09-02 04:15:25+00:00,ICICI Bank mobilises $17.9 bn under RBI foreign currency deposit scheme,Business Standard,0.2137427031993866,0.01227734424173832,0.773979902267456,0.20146535895764828
ICICIBANK.NS,2026-09-02 06:35:19+00:00,ICICI Bank slips 0.56% as FCNR deposit data reveals $17.88 billion mobilisation,BusinessLine,0.014008654281497002,0.9601860642433167,0.025805190205574036,-0.9461774099618196
ICICIBANK.NS,2026-09-02 07:23:53+00:00,"Banks slash FCNR (B) interest rates: HDFC Bank, ICICI Bank, SBI, PNB, Axis Bank revise rates on 3-5-year deposits",The Times of India,0.06194936856627464,0.6782360672950745,0.2598145008087158,-0.6162866987287998
ICICIBANK.NS,2026-09-02 07:47:54+00:00,"ICICI Bank raises $17.9 billion through FCNR(B) window, boosts lending liquidity",The Times of India,0.9515315294265747,0.018500903621315956,0.029967518523335457,0.9330306258052588
ICICIBANK.NS,2026-09-02 11:21:15+00:00,ICICI Bank mobilises $17.88 billion via FCNR (B) under RBI swap facility,Business Standard,0.3579344153404236,0.010711588896811008,0.631354033946991,0.3472228264436126
ICICIBANK.NS,2026-09-02 13:08:55+00:00,"ICICI Bank buys additional 2% stake in ICICI Prudential Life for ₹1,470 cr",Business Standard,0.0757209062576294,0.01307909470051527,0.9111999869346619,0.06264181155711412
ICICIBANK.NS,2026-09-03 02:27:25+00:00,"Stocks to watch: Meesho, SAIL, ICICI Bank, L&T Fin, Blue Star, OMCs & more",Business Standard,0.034056928008794785,0.021489685401320457,0.9444532990455627,0.012567242607474327
ICICIBANK.NS,2026-09-03 02:33:26+00:00,"ICICI Bank acquires 2% stake from joint venture partner of its life insurance arm for ₹1,470 cr",BusinessLine,0.25896474719047546,0.00978655181825161,0.7312487959861755,0.24917819537222385
ICICIBANK.NS,2026-09-03 04:55:36+00:00,HDFC Bank is losing ground as Nifty’s top stock while ICICI Bank gains,Bloomberg,0.010890958830714226,0.957135796546936,0.031973253935575485,-0.9462448377162218
ICICIBANK.NS,2026-09-03 04:59:11+00:00,HDFC Bank at risk of losing top Nifty spot to ICICI amid leadership turmoil,Business Standard,0.011496624909341335,0.9608011841773987,0.02770221419632435,-0.9493045592680573
ICICIBANK.NS,2026-09-03 05:16:19+00:00,"Explained: What $127 billion FCNR(B) inflows mean for ICICI Bank, HDFC Bank, other bank stocks",The Times of India,0.03512817248702049,0.01998528465628624,0.9448865056037903,0.015142887830734253
ICICIBANK.NS,2026-09-04 04:00:41+00:00,"Eternal, ICICI Bank, 5 other largecap stocks with upside potential of up to 40%. Do you own any?",Economictimes.com,0.05831405147910118,0.014840712770819664,0.9268451929092407,0.04347333870828152
ICICIBANK.NS,2026-09-05 01:30:00+00:00,"Saturday bank holiday: Are SBI, HDFC Bank, ICICI Bank, Canara Bank and PNB open or closed today on September 5, 2026?",The Times of India,0.01869884692132473,0.056727055460214615,0.924574077129364,-0.038028208538889885
ICICIBANK.NS,2026-09-05 01:36:35+00:00,"Bank holiday today: Check if SBI, HDFC, ICICI branches are open or closed on Saturday, September 5",Livemint,0.018493499606847763,0.06290408223867416,0.9186023473739624,-0.0444105826318264
ICICIBANK.NS,2026-09-05 06:32:15+00:00,FCNR inflows push short-term borrowing costs lower amid rising liquidity: ICICI Bank,BusinessLine,0.7869308590888977,0.17126137018203735,0.041807759553194046,0.6156694889068604
ICICIBANK.NS,2026-09-05 06:47:15+00:00,RBI approves LIC to acquire up to 9.99% stake in ICICI Bank,The Times of India,0.21770842373371124,0.010509027168154716,0.7717825770378113,0.20719939656555653
ICICIBANK.NS,2026-09-05 09:41:15+00:00,LIC gets RBI approval to acquire up to 9.99% stake in ICICI Bank,BusinessLine,0.5329497456550598,0.011090544983744621,0.4559597074985504,0.5218592006713152
ICICIBANK.NS,2026-09-05 10:46:52+00:00,RBI Gives LIC One-Year Window To Acquire Up To 9.99 Per Cent Stake In ICICI Bank,Swarajya,0.18750853836536407,0.009312947280704975,0.8031784892082214,0.1781955910846591
ICICIBANK.NS,2026-09-05 14:44:25+00:00,RBI okays LIC’s application to acquire up to 9.99% stake in ICICI Bank,BusinessLine,0.5573633313179016,0.010884346440434456,0.4317523241043091,0.5464789848774672
ICICIBANK.NS,2026-09-05 15:02:10+00:00,RBI approves LIC to acquire up to 9.99% stake in ICICI Bank within a year,Business Standard,0.24754133820533752,0.010049594566226006,0.7424091100692749,0.23749174363911152
ICICIBANK.NS,2026-09-06 01:34:26+00:00,"Bank holidays this week: SBI, HDFC, ICICI, PNB closed for upto 3 days between 7 - 13 Sep; check RBI holiday calendar",Livemint,0.018723852932453156,0.06612163782119751,0.9151544570922852,-0.047397784888744354
ICICIBANK.NS,2026-09-07 02:22:37+00:00,"Stocks to watch: LIC, ICICI Bank, SBI, Dixon, Chalet Hotels, TCS & more",Business Standard,0.026191318407654762,0.028370331972837448,0.9454383850097656,-0.002179013565182686
ICICIBANK.NS,2026-09-07 03:32:21+00:00,ICICI Bank shares in focus as LIC gets RBI nod to acquire 9.99% stake in private lender,The Times of India,0.5271404981613159,0.05540499463677406,0.4174545109272003,0.47173550352454185
ICICIBANK.NS,2026-09-07 16:47:10+00:00,HDFC Bank and ICICI Bank buy India’s first tokenized bond from REC,Crypto Briefing,0.4103430509567261,0.010988452471792698,0.578668475151062,0.3993545984849334
ICICIBANK.NS,2026-09-08 11:42:30+00:00,"Market wrap: BEL, HUL, ICICI Bank, Axis Bank top gainers and losers on Nifty and Sensex on Tuesday",The Times of India,0.14343976974487305,0.36682426929473877,0.4897359609603882,-0.22338449954986572
ICICIBANK.NS,2026-09-09 12:33:05+00:00,RBI approves ICICI Prudential AMC’s up to 9.95% stake buy in AU Small Finance Bank,The Times of India,0.41822513937950134,0.01054583489894867,0.5712290406227112,0.4076793044805527
ICICIBANK.NS,2026-09-10 00:30:00+00:00,"Stocks in news: Reliance Industries, Wipro, ICICI Bank, Coal India and Hindustan Zinc",The Times of India,0.0391991063952446,0.023819753900170326,0.936981201171875,0.015379352495074272
ICICIBANK.NS,2026-09-12 01:44:02+00:00,"Bank holiday today: Are HDFC, ICICI and SBI branches closed on Saturday, September 12?",Livemint,0.016468888148665428,0.24618126451969147,0.7373498678207397,-0.22971237637102604
ICICIBANK.NS,2026-09-13 02:50:47+00:00,"Bank holidays this week: SBI, HDFC, ICICI, PNB closed on up to 4 days from 14–20 Sep; check city-wise RBI list",Livemint,0.025166714563965797,0.03487887233495712,0.939954400062561,-0.009712157770991325
ICICIBANK.NS,2026-09-14 00:30:57+00:00,"Bank holiday today: Are SBI, HDFC, ICICI branches closed on Monday, 14 September, for Ganesh Chaturthi?",Livemint,0.018351750448346138,0.09492041915655136,0.8867278099060059,-0.07656866870820522
ICICIBANK.NS,2026-09-14 18:21:29+00:00,"In HDFC Bank CEO race, ICICI Life Insurance veteran is frontrunner: Who is Anup Bagchi?",Livemint,0.05206599831581116,0.05094423517584801,0.8969897627830505,0.00112176313996315
ICICIBANK.NS,2026-09-15 06:23:04+00:00,"Personal loan interest rates September 2026: Axis Bank, HDFC, ICICI and 5 others start at 8.90%",Livemint,0.036742325872182846,0.018819162622094154,0.9444385170936584,0.01792316325008869
ICICIBANK.NS,2026-09-15 09:20:22+00:00,ICICI Bank Ltd eases for fifth straight session,Business Standard,0.12075277417898178,0.8498247861862183,0.02942243032157421,-0.7290720120072365
ICICIBANK.NS,2026-09-17 04:14:37+00:00,HDFC Bank is winning the mutual fund vote over ICICI Bank. Can the shift last?,The Times of India,0.1200040727853775,0.026749521493911743,0.8532464504241943,0.09325455129146576
ICICIBANK.NS,2026-09-18 12:45:48+00:00,ICICI Bank changes website and net banking domain addresses: Do you also need to reset your user ID and password?,The Times of India,0.019833529368042946,0.06995042413473129,0.9102159738540649,-0.05011689476668835
ICICIBANK.NS,2026-09-19 01:35:00+00:00,"Saturday bank holiday: Are HDFC Bank, ICICI Bank, SBI open or closed today on September 19, 2026?",The Times of India,0.017873629927635193,0.04928179085254669,0.9328446388244629,-0.0314081609249115
ICICIBANK.NS,2026-09-19 02:13:20+00:00,"Bank holiday today: Check if SBI, HDFC, ICICI branches are open or closed on Saturday, September 19",Livemint,0.018063804134726524,0.06554168462753296,0.9163945317268372,-0.047477880492806435
ICICIBANK.NS,2026-09-19 12:19:08+00:00,"ICICI Bank changes net banking URL: New .bank.in address, CAPTCHA feature - what customers need to know",Livemint,0.028423964977264404,0.024131769314408302,0.9474442601203918,0.004292195662856102
ICICIBANK.NS,2026-09-21 23:10:00+00:00,"RBI weighs Anup Bagchi for HDFC top job; seeks feedback from Irda, ICICI Bank on his candidature due to 3-year gap from mainstream banking",The Times of India,0.19271008670330048,0.21869568526744843,0.5885942578315735,-0.02598559856414795
ICICIBANK.NS,2026-09-26 02:04:40+00:00,"Bank holiday today: Check if SBI, HDFC, ICICI branches are open or closed on Saturday, 26 September",Livemint,0.018766846507787704,0.06475047022104263,0.91648268699646,-0.04598362371325493
ICICIBANK.NS,2026-09-26 08:35:04+00:00,"Gold may rise to $5,000/oz in H1 2027 after near-term consolidation: ICICI Bank",BusinessLine,0.7823452949523926,0.011114782653748989,0.20653994381427765,0.7712305122986436
ICICIBANK.NS,2026-09-27 02:25:29+00:00,"Bank holidays this week: Strike, national holiday — SBI, HDFC, ICICI, PNB closed for at least 1 day from Sept 28-Oct 4",Livemint,0.015452737919986248,0.24238631129264832,0.7421609163284302,-0.22693357337266207
ICICIBANK.NS,2026-09-27 13:39:43+00:00,"Bank strike tomorrow: Full list of banks facing work disruption; will HDFC Bank, Axis Bank, SBI, PNB & ICICI Bank remain closed?",The Times of India,0.007647201884537935,0.9313321113586426,0.061020709574222565,-0.9236849094741046
INFY.NS,2026-08-28 05:49:33+00:00,"HCLTech, TCS, Infosys, other IT stocks rally up to 5%. What lies ahead?",The Times of India,0.19749510288238525,0.053750455379486084,0.7487544417381287,0.14374464750289917
INFY.NS,2026-08-28 18:04:05+00:00,Infosys says public services CEO unreachable after deadly Nepal flood,Business Standard,0.018356455489993095,0.9381600618362427,0.043483536690473557,-0.9198036063462496
INFY.NS,2026-08-29 01:53:22+00:00,Infosys Public Services chief Lax Gopisetty unreachable after Nepal floods,BusinessLine,0.029687654227018356,0.8290770053863525,0.14123527705669403,-0.7993893511593342
INFY.NS,2026-08-29 02:22:19+00:00,Infosys Public Services CEO Lax Gopisetty unreachable after devastating Nepal floods,The Times of India,0.017895637080073357,0.9095768332481384,0.07252752035856247,-0.8916811961680651
INFY.NS,2026-08-29 10:01:47+00:00,Who is Lax Gopisetty? Infosys says their subsidiary firm's CEO remains unreachable amid Nepal flash floods,Livemint,0.01071048341691494,0.9088231921195984,0.08046627789735794,-0.8981127087026834
INFY.NS,2026-08-29 15:06:03+00:00,Infosys Public Services CEO Lax Gopisetty unreachable amid devastating Nepal floods,BusinessLine,0.015387292951345444,0.9390020966529846,0.045610614120960236,-0.9236148037016392
INFY.NS,2026-08-31 06:34:34+00:00,"Nifty IT tanks 2%; Infosys, Wipro top losers: What's behind the weakness?",Business Standard,0.03149673715233803,0.8012979626655579,0.1672053039073944,-0.7698012255132198
INFY.NS,2026-09-04 12:26:08+00:00,Infosys brings enterprise context to CrowdStrike’s AI security push,SiliconANGLE News,0.2540295422077179,0.008582426235079765,0.7373880743980408,0.24544711597263813
INFY.NS,2026-09-07 06:02:21+00:00,"Infosys, HCLTech, TCS, other IT stocks drop up to 3% as Fed rate hike worries return. Here's why",The Times of India,0.012940548360347748,0.9449161291122437,0.04214342311024666,-0.9319755807518959
INFY.NS,2026-09-07 08:56:52+00:00,Nifty IT tumbles 3% as Fed rate hike bets rise; Infosys leads losses,Business Standard,0.024222470819950104,0.9423193335533142,0.03345811367034912,-0.9180968627333641
INFY.NS,2026-09-07 10:41:32+00:00,"Sensex today | Stock Market Highlights: Sensex, Nifty decline 0.50%; Infosys, Tech Mahindra lead losses",BusinessLine,0.182256817817688,0.7849341630935669,0.03280904144048691,-0.6026773452758789
INFY.NS,2026-09-07 11:24:47+00:00,"Market wrap: L&T, Bharti Airtel, Infosys, Tech Mahindra top gainers and losers on Nifty and Sensex on Monday",The Times of India,0.2055770754814148,0.6360695958137512,0.1583533138036728,-0.4304925203323364
INFY.NS,2026-09-09 05:06:41+00:00,"IT stocks crash as Coforge leads selloff; Infosys, Tech Mahindra, HCL Tech, TCS slide",BusinessLine,0.014061910100281239,0.9298474192619324,0.05609070509672165,-0.9157855091616511
INFY.NS,2026-09-09 08:01:34+00:00,"IT stocks crash as Coforge leads selloff; Infosys, Tech Mahindra, HCL Tech, TCS slide as H1-B visa fee hike adds to sector pressure",BusinessLine,0.010269851423799992,0.9694268703460693,0.02030319534242153,-0.9591570189222693
INFY.NS,2026-09-09 11:25:08+00:00,"Market wrap: Adani Ent, Max Healthcare, Infosys, HDFC Life among top gainers and losers on Nifty and Sensex on Wednesday",The Times of India,0.1009775921702385,0.8134631514549255,0.08555921912193298,-0.712485559284687
INFY.NS,2026-09-10 04:11:28+00:00,"Nandan Nilekani, Infosys co-founder, named in SIR's ‘no-mapping’ category",The Times of India,0.07416582107543945,0.03314197063446045,0.8926922082901001,0.041023850440979004
INFY.NS,2026-09-12 04:40:08+00:00,"She quit her engineering job at Infosys to pursue poetry. Later, she made history as India's first spoken-word artist to headline a sold-out stadium show. Who is Nayab Midha?",The Times of India,0.04611872509121895,0.06669645011425018,0.8871848583221436,-0.020577725023031235
INFY.NS,2026-09-15 04:12:53+00:00,"Infosys, TCS to HCL Tech: AI slowdown calls send Nifty IT pack 5% higher",Business Standard,0.02793799340724945,0.9593406319618225,0.012721359729766846,-0.9314026385545731
INFY.NS,2026-09-15 04:19:42+00:00,"Infosys, HCLTech, TCS, other IT stocks soar up to 6%; Nifty IT rallies 5% as global AI slowdown calls boost sentiment",The Times of India,0.944525957107544,0.02653113193809986,0.028942851349711418,0.9179948251694441
INFY.NS,2026-09-15 08:01:39+00:00,Infosys Ltd gains for third consecutive session,Business Standard,0.9074372053146362,0.05165083706378937,0.04091200232505798,0.8557863682508469
INFY.NS,2026-09-16 11:33:51+00:00,"Market wrap: SBI, HDFC Life, TCS, Infosys top gainers and losers on Nifty and Sensex on Thursday",The Times of India,0.1462402492761612,0.6037834286689758,0.24997632205486298,-0.45754317939281464
INFY.NS,2026-09-16 13:00:00+00:00,Former Infosys chief’s AI startup nabs another $53M,Yahoo Entertainment,0.21495941281318665,0.017481226474046707,0.7675593495368958,0.19747818633913994
INFY.NS,2026-09-16 13:19:16+00:00,Infosys expands Indore facility with new 3.3-lakh sq ft software development block,The Times of India,0.8918091058731079,0.0137320039793849,0.0944589152932167,0.878077101893723
INFY.NS,2026-09-16 13:30:04+00:00,"Infosys expands Indore Development Center with new 330,000-sq. ft. block",BusinessLine,0.8528866767883301,0.011758055537939072,0.13535518944263458,0.841128621250391
INFY.NS,2026-09-16 13:48:17+00:00,Former Infosys chief's AI startup nabs another $53M | TechCrunch,TechCrunch,0.539127767086029,0.031277257949113846,0.4295949339866638,0.5078505091369152
INFY.NS,2026-09-16 16:11:09+00:00,Ex-Infosys CEO Vishal Sikka’s startup Hang Ten Systems raises $53 million,The Times of India,0.18149900436401367,0.010226831771433353,0.8082741498947144,0.17127217259258032
INFY.NS,2026-09-16 18:09:00+00:00,Infosys expands Indore centre,The Times of India,0.07095286250114441,0.02014777995646,0.9088993072509766,0.05080508254468441
INFY.NS,2026-09-16 23:38:53+00:00,Ex-Infosys chief Vishal Sikka’s Hang Ten raises another $53M for enterprise AI services,SiliconANGLE News,0.8357892632484436,0.013834439218044281,0.15037621557712555,0.8219548240303993
INFY.NS,2026-09-17 00:30:00+00:00,"Stocks in news: Infosys, Mazagon Dock, Fortis Healthcare, JSW Energy and Kalpataru Projects",The Times of India,0.030969485640525818,0.024771595373749733,0.9442588686943054,0.006197890266776085
INFY.NS,2026-09-17 01:42:32+00:00,"Buzzing stocks for Sept 17: Reliance, Infosys, Krsnaa, Mazagon Dock, Motilal Oswal, Granules, Fine Organic Chem, Venus Pipes, Highway Infra",BusinessLine,0.07151355594396591,0.013434546068310738,0.9150518774986267,0.058079009875655174
INFY.NS,2026-09-17 02:31:43+00:00,"Stocks to watch: Mazagon Dock, JSW Energy, Highway Infra, Fortis & Infosys",Business Standard,0.036867160350084305,0.01835063099861145,0.9447821974754333,0.018516529351472855
INFY.NS,2026-09-17 03:34:16+00:00,"Stock Alert: Tempsens Instruments India, Infosys, Highway Infra, Alembic Pharma",Business Standard,0.054118428379297256,0.015157747082412243,0.9307237863540649,0.038960681296885014
INFY.NS,2026-09-17 03:52:52+00:00,"Infosys, TCS, other IT stocks in focus after first Fed rate hike in 3 years. Will inflationary pressures offset anti-AI euphoria?",The Times of India,0.14413073658943176,0.07427573204040527,0.7815935015678406,0.06985500454902649
INFY.NS,2026-09-18 04:50:23+00:00,"India must move beyond semiconductor engineering to own products, capture innovation value: Infosys' Vikram Meghal",The Times of India,0.5638533234596252,0.008744982071220875,0.42740169167518616,0.5551083413884044
INFY.NS,2026-09-18 07:47:35+00:00,India can move from ‘engineered in India’ to ‘invent in India’ in semiconductors: Infosys,BusinessLine,0.1937927007675171,0.008030032739043236,0.7981772422790527,0.18576266802847385
INFY.NS,2026-09-18 09:22:31+00:00,India has a once-in-a-generation semiconductor demand window: Infosys SVP Vikram Meghal,The Times of India,0.2863564193248749,0.0085431057959795,0.705100417137146,0.2778133135288954
INFY.NS,2026-09-18 09:31:03+00:00,India has a once-in-a-generation semiconductor demand window: Infosys SVP,Business Standard,0.29753559827804565,0.008328988216817379,0.6941353678703308,0.2892066100612283
INFY.NS,2026-09-19 19:47:47+00:00,Infosys (INFY) Lands a Brake Maker as Growth Stays in Low Gear,Yahoo Entertainment,0.8746424317359924,0.012042274698615074,0.11331534385681152,0.8626001570373774
INFY.NS,2026-09-21 00:30:53+00:00,Mitrankur Majumdar takes over Infosys CEO designate's old shoes,Livemint,0.024404820054769516,0.042662572115659714,0.9329326152801514,-0.018257752060890198
INFY.NS,2026-09-21 06:22:19+00:00,"OFSS shares tumble 7%; Wipro, Coforge, Infosys shares down up to 2%. Why are IT stocks under pressure today?",The Times of India,0.008239824324846268,0.9573931694030762,0.034366995096206665,-0.9491533450782299
INFY.NS,2026-09-22 09:01:10+00:00,Infosys Ltd drops for fifth straight session,Business Standard,0.010484305210411549,0.9561493396759033,0.03336639702320099,-0.9456650344654918
INFY.NS,2026-09-22 13:10:26+00:00,Infosys partners with Chainlink to bring onchain finance to 1.7 billion bank accounts,Crypto Briefing,0.7830192446708679,0.006910910829901695,0.21006982028484344,0.7761083338409662
INFY.NS,2026-09-24 13:06:39+00:00,"Chainlink’s Infosys Deal: 1.7 Billion Bank Accounts, But Why Did LINK Drop 4%?",Biztoc.com,0.011261438950896263,0.9440226554870605,0.04471592977643013,-0.9327612165361643
INFY.NS,2026-09-25 12:43:00+00:00,"Market wrap: Axis Bank, Asian Paints, Max Healthcare, Infosys top gainers and losers on Nifty and Sensex on Friday",The Times of India,0.16149061918258667,0.3621339797973633,0.47637537121772766,-0.2006433606147766
INFY.NS,2026-09-25 15:00:53+00:00,"Infosys nears July lows, Wipro hits fresh 52-week low",BusinessLine,0.015606607310473919,0.9499410390853882,0.03445231541991234,-0.9343344317749143
RELIANCE.NS,2026-09-08 01:32:38+00:00,"Reliance Industries plans to raise ₹12,500 crore through local-currency bonds",Bloomberg,0.7238981127738953,0.007734465412795544,0.26836737990379333,0.7161636473610997
RELIANCE.NS,2026-09-08 02:32:46+00:00,Mongolians wait hours for fuel as reliance on Russia bites,Biztoc.com,0.012724678963422775,0.8574206829071045,0.1298546940088272,-0.8446960039436817
RELIANCE.NS,2026-09-08 03:13:26+00:00,"Reliance set to return to bond market after 3 years, eyes Rs 12,500 crore raise: Reports",The Times of India,0.5339601039886475,0.014078006148338318,0.45196184515953064,0.5198820978403091
RELIANCE.NS,2026-09-08 03:24:24+00:00,Reliance plans first local debt sale after 3 years with $1.32 bn fundraise,Business Standard,0.35760751366615295,0.009501944296061993,0.6328905820846558,0.34810556937009096
RELIANCE.NS,2026-09-08 08:45:00+00:00,Kering brings Generation Award to India with Reliance,Luxurydaily.com,0.6763564348220825,0.008663440123200417,0.3149801194667816,0.6676929946988821
RELIANCE.NS,2026-09-08 11:00:01+00:00,The U.S. is trying to reduce its reliance on China for batteries. Here's what it's up against,CNBC,0.13824108242988586,0.01463038194924593,0.8471285104751587,0.12361070048063993
RELIANCE.NS,2026-09-08 11:52:25+00:00,The U.S. is trying to reduce its reliance on China for batteries. Here's what it's up against - CNBC,Slashdot.org,0.17425484955310822,0.017982661724090576,0.8077625036239624,0.15627218782901764
RELIANCE.NS,2026-09-08 15:57:37+00:00,Canada will move faster from US reliance as tariffs take effect and Trump response looms,Yahoo Entertainment,0.8947531580924988,0.013665799051523209,0.09158110618591309,0.8810873590409756
RELIANCE.NS,2026-09-08 17:04:09+00:00,Canada will move faster from US reliance as tariffs take effect,Associated Press,0.8854976296424866,0.011093247681856155,0.10340908914804459,0.8744043819606304
RELIANCE.NS,2026-09-08 18:51:28+00:00,Carney says Canada moving from U.S. reliance as tariffs take effect,Biztoc.com,0.5526955723762512,0.040351368486881256,0.40695303678512573,0.51234420388937
RELIANCE.NS,2026-09-08 19:13:29+00:00,Canada will move faster from US reliance as tariffs take effect and Trump response looms - AP News,Slashdot.org,0.7414131760597229,0.01150415651500225,0.2470826655626297,0.7299090195447206
RELIANCE.NS,2026-09-08 22:20:35+00:00,Rookies over vets? Tigers' A.J. Hinch explains reliance on young guys,Detroit Free Press,0.04863940179347992,0.17526093125343323,0.7760996222496033,-0.1266215294599533
RELIANCE.NS,2026-09-09 03:15:11+00:00,Reliance plans $1.3bn bond in first sale since 2023,The Times of India,0.12882880866527557,0.00817320216447115,0.8629980087280273,0.12065560650080442
RELIANCE.NS,2026-09-09 04:44:13+00:00,Huawei orchestrates China's DUV lithography push to cut reliance on ASML,Digitimes,0.5741639137268066,0.01904476433992386,0.4067913591861725,0.5551191493868828
RELIANCE.NS,2026-09-09 05:05:48+00:00,"Reliance Jio, Apple launch new RCS pricing for businesses in India, challenging WhatsApp",The Times of India,0.44085630774497986,0.06678375601768494,0.4923599362373352,0.3740725517272949
RELIANCE.NS,2026-09-09 06:00:48+00:00,"This Ganesh Chaturthi, Let Technology Bring Home Prosperity with Reliance Digital",BusinessLine,0.37242257595062256,0.010778654366731644,0.6167988181114197,0.3616439215838909
RELIANCE.NS,2026-09-09 06:00:52+00:00,"Reliance Digital's #TakeTheFirstBite Returns with Reimagined ""Mr. iSeek New Phone""",BusinessLine,0.2587416470050812,0.010526611469686031,0.730731725692749,0.24821503553539515
RELIANCE.NS,2026-09-10 00:30:00+00:00,"Stocks in news: Reliance Industries, Wipro, ICICI Bank, Coal India and Hindustan Zinc",The Times of India,0.0391991063952446,0.023819753900170326,0.936981201171875,0.015379352495074272
RELIANCE.NS,2026-09-10 11:01:20+00:00,"HDFC Bank, Vodafone Idea and Reliance Industries were top traded contracts.",Business Standard,0.0761137455701828,0.01822308450937271,0.9056631326675415,0.05789066106081009
RELIANCE.NS,2026-09-10 11:31:35+00:00,Apple’s New CEO Signals Heavy iPhone Reliance: Do You Buy It?,Biztoc.com,0.1398272067308426,0.07698541134595871,0.7831873893737793,0.06284179538488388
RELIANCE.NS,2026-09-10 11:42:22+00:00,"UK deepens reliance on Musk's SpaceX, spending nearly $40 million on satellite services",The Times of India,0.6652490496635437,0.02004779502749443,0.31470322608947754,0.6452012546360493
RELIANCE.NS,2026-09-10 14:30:19+00:00,Twenty-five years after 9/11: an over-reliance on technology is leaving us vulnerable,The Conversation Africa,0.0109013132750988,0.9507986903190613,0.03830000385642052,-0.9398973770439625
RELIANCE.NS,2026-09-10 14:43:29+00:00,Samudra Manthan scheme – national offshore exploration to reduce import dependence & achieve self-reliance,The Times of India,0.6343895196914673,0.009487217292189598,0.3561232388019562,0.6249023023992777
RELIANCE.NS,2026-09-11 06:06:01+00:00,"India pushes resilient supply chains, greater self-reliance across BRICS",BusinessLine,0.9470879435539246,0.012936856597661972,0.03997517004609108,0.9341510869562626
RELIANCE.NS,2026-09-11 08:37:57+00:00,"As NSE, Reliance Jio eye listings, what are India's biggest share offerings?",BusinessLine,0.030684439465403557,0.03113526664674282,0.9381803274154663,-0.0004508271813392639
RELIANCE.NS,2026-09-11 09:02:02+00:00,"The Wait Is Over: iPhone 18 Pro Pre-booking Opens at Reliance Digital on 12th September, 2026",BusinessLine,0.03464515134692192,0.016431612893939018,0.9489232897758484,0.018213538452982903
RELIANCE.NS,2026-09-11 10:01:01+00:00,Reliance Industries Ltd drops for fifth straight session,Business Standard,0.013980239629745483,0.9426507949829102,0.0433688722550869,-0.9286705553531647
RELIANCE.NS,2026-09-11 21:07:34+00:00,2027: Anambra senator urges INEC to end reliance on ad hoc staff,The Punch,0.21402353048324585,0.02598107047379017,0.7599954009056091,0.18804246000945568
RELIANCE.NS,2026-09-11 21:58:02+00:00,Reliance on visual inspections may have played role in GO train derailment at Union Station: report,CBC News,0.02758123353123665,0.5225943326950073,0.44982439279556274,-0.4950130991637707
RELIANCE.NS,2026-09-12 11:12:30+00:00,Jim Cramer Prefers Nucor (NUE) Over Reliance (RS),Yahoo Entertainment,0.07918605208396912,0.01409868709743023,0.9067152738571167,0.06508736498653889
RELIANCE.NS,2026-09-13 15:04:56+00:00,Supreme Court rejects Reliance Communications’ creditors plea to consider spectrum for insolvency,BusinessLine,0.06635156273841858,0.6147393584251404,0.31890901923179626,-0.5483877956867218
RELIANCE.NS,2026-09-13 17:40:22+00:00,"Quote of the day by Virginia Woolf, 'To depend upon a profession is a less odious form of slavery than to depend upon a father' teaches powerful lesson on financial independence, career, self-reliance, why earning matters",The Times of India,0.07591474056243896,0.06265135854482651,0.8614339232444763,0.013263382017612457
RELIANCE.NS,2026-09-13 23:14:08+00:00,"Asian nations reconsider LNG reliance amid $7B gas bill, eye crude oil demand shift",Crypto Briefing,0.5792827010154724,0.19132839143276215,0.22938889265060425,0.38795430958271027
RELIANCE.NS,2026-09-14 02:02:27+00:00,Niger mutiny exposes growing reliance on Russia,Al Jazeera English,0.04440603032708168,0.8887401819229126,0.06685377657413483,-0.8443341515958309
RELIANCE.NS,2026-09-14 06:15:40+00:00,Canada seeks closer EU ties to ease reliance on US,Hurriyet Daily News,0.9434239864349365,0.012656762264668941,0.04391924664378166,0.9307672241702676
RELIANCE.NS,2026-09-14 09:43:25+00:00,"Critical materials key to tech self-reliance, says MIDHANI chief",BusinessLine,0.20193195343017578,0.01099337451159954,0.7870746850967407,0.19093857891857624
RELIANCE.NS,2026-09-14 12:00:00+00:00,FDA Grants Bright Path AMT Designation as It Moves to Reshore America's Medicines and Reduce Reliance on China,PRNewswire,0.8871665596961975,0.008248920552432537,0.10458450019359589,0.878917639143765
RELIANCE.NS,2026-09-14 12:30:08+00:00,European firms unprepared for China shock as EU tries to cut reliance on Beijing,POLITICO.eu,0.13394969701766968,0.806096613407135,0.05995367839932442,-0.6721469163894653
RELIANCE.NS,2026-09-14 13:25:16+00:00,Reliance Industries arm Model Economic Township Ltd appoints Manish Jaiswal as CEO,The Times of India,0.028535181656479836,0.09623165428638458,0.8752331137657166,-0.06769647262990475
RELIANCE.NS,2026-09-14 14:15:52+00:00,South Korea coach denies ‘extreme’ ChatGPT reliance after former club sacked him,The Times of India,0.04395618662238121,0.850074827671051,0.10596901923418045,-0.8061186410486698
RELIANCE.NS,2026-09-15 00:30:23+00:00,"Tata, Adani, Reliance triple their EV charging points in 3 years",Livemint,0.632621169090271,0.012154201976954937,0.355224609375,0.6204669671133161
RELIANCE.NS,2026-09-15 08:42:56+00:00,U.S. policies under Trump accelerate Europe’s push for space self-reliance,Biztoc.com,0.7799015641212463,0.014813842251896858,0.20528461039066315,0.7650877218693495
RELIANCE.NS,2026-09-15 11:57:41+00:00,Connolly warns Ireland's reliance on imports requires 'urgent attention' amid food supply fears,TheJournal.ie,0.0871020182967186,0.8257330656051636,0.08716490119695663,-0.738631047308445
RELIANCE.NS,2026-09-15 13:30:23+00:00,Terry Bradshaw laments NFL’s reliance on technology: ‘What made it great was collisions and pass interference’,Awful Announcing,0.09844068437814713,0.26069626212120056,0.6408630609512329,-0.16225557774305344
RELIANCE.NS,2026-09-15 14:32:58+00:00,"Reliance Communications’ Creditors request ED to release real estate properties worth ₹7,000 crore",BusinessLine,0.03427508473396301,0.029622483998537064,0.9361024498939514,0.004652600735425949
RELIANCE.NS,2026-09-15 19:41:48+00:00,"10-Year Study: Back Pain Patients Report Sustained Improvements, Decreased Reliance on Pharmaceuticals Following Medical Cannabis Treatment",Norml.org,0.896950900554657,0.08299583941698074,0.020053235813975334,0.8139550611376762
RELIANCE.NS,2026-09-15 23:32:59+00:00,Brookfield Agrees to Acquire Reliance Worldwide Corporation,Financial Post,0.12350061535835266,0.011023232713341713,0.8654760718345642,0.11247738264501095
RELIANCE.NS,2026-09-16 00:11:28+00:00,Brookfield Agrees to $2.9 Billion Acquisition of Australia’s Reliance,Biztoc.com,0.5655414462089539,0.010717607103288174,0.4237409830093384,0.5548238391056657
RELIANCE.NS,2026-09-16 02:08:10+00:00,"Reliance Industries to raise Rs 12,500 crore via five-year bonds",The Times of India,0.6971667408943176,0.009145103394985199,0.2936881482601166,0.6880216374993324
RELIANCE.NS,2026-09-16 07:13:53+00:00,Brookfield agrees $2.8bn deal to take Reliance Worldwide private,Pehub.com,0.6442211866378784,0.013946045190095901,0.3418327271938324,0.6302751414477825
RELIANCE.NS,2026-09-16 11:55:28+00:00,Australia’s Reliance Worldwide agrees to Brookfield’s $2.9-billion buyout bid,Biztoc.com,0.7418936491012573,0.01216330099850893,0.24594298005104065,0.7297303481027484
RELIANCE.NS,2026-09-16 14:36:48+00:00,Piecemakers bets edge AI devices will diverge from reliance on HBM — custom-designed memory fuses DRAM stack directly to the processor using hybrid bonding,Tom's Hardware UK,0.19436293840408325,0.01040664128959179,0.795230507850647,0.18395629711449146
RELIANCE.NS,2026-09-16 14:54:00+00:00,Piecemakers bets edge AI devices will diverge from reliance on HBM — custom-designed memory fuses DRAM stack directly to the processor using hybrid bondi,Slashdot.org,0.22012044489383698,0.01034511998295784,0.7695344686508179,0.20977532491087914
RELIANCE.NS,2026-09-16 18:45:12+00:00,NA permission: HC flags revenue officials’ reliance on govt resolutions,The Times of India,0.14215491712093353,0.5117150545120239,0.3461300730705261,-0.3695601373910904
RELIANCE.NS,2026-09-17 01:42:32+00:00,"Buzzing stocks for Sept 17: Reliance, Infosys, Krsnaa, Mazagon Dock, Motilal Oswal, Granules, Fine Organic Chem, Venus Pipes, Highway Infra",BusinessLine,0.07151355594396591,0.013434546068310738,0.9150518774986267,0.058079009875655174
RELIANCE.NS,2026-09-17 04:02:15+00:00,Reliance Industries shares in focus as govt slashes windfall tax on fuel exports; stock down 21% in 2026 so far,The Times of India,0.009613578207790852,0.9722212553024292,0.0181651022285223,-0.9626076770946383
RELIANCE.NS,2026-09-17 09:06:51+00:00,"SEBI F&O settlement tweak may cut reliance on closing auction, says Kotak",BusinessLine,0.4416622817516327,0.5134737491607666,0.04486401006579399,-0.07181146740913391
RELIANCE.NS,2026-09-17 12:07:27+00:00,"Huawei unveils latest tech to boost AI power, curb China’s Nvidia reliance",Biztoc.com,0.8752056360244751,0.01302395761013031,0.1117703840136528,0.8621816784143448
RELIANCE.NS,2026-09-17 12:22:05+00:00,Brookfield agrees to acquire plumbing manufacturer Reliance Worldwide for $2.8bn,Pehub.com,0.16228124499320984,0.010820421390235424,0.8268983364105225,0.15146082360297441
RELIANCE.NS,2026-09-18 04:48:58+00:00,Australia Lags Behind UK and Canada on Sovereign AI Capability as Funding and Compute Gaps Risk Foreign Reliance,Ibtimes.com.au,0.04897845536470413,0.9233561754226685,0.027665287256240845,-0.8743777200579643
RELIANCE.NS,2026-09-18 10:18:13+00:00,Gov't outlines six steps toward national energy self-reliance,Antaranews.com,0.16891507804393768,0.011364080011844635,0.8197208046913147,0.15755099803209305
RELIANCE.NS,2026-09-19 00:28:33+00:00,"CBI files cheating case against Anil Ambani, Reliance Capital",The Times of India,0.02584954723715782,0.6451358795166016,0.32901450991630554,-0.6192863322794437
RELIANCE.NS,2026-09-19 08:14:10+00:00,Amazon CEO Andy Jassy affirms long-term reliance on Nvidia chips even as in-house AI silicon scales past $20B,Crypto Briefing,0.47306057810783386,0.41794177889823914,0.10899762809276581,0.05511879920959473
RELIANCE.NS,2026-09-19 10:25:53+00:00,"Prabowo affirms food, energy self-reliance as nation's strength",Antaranews.com,0.309465229511261,0.00975295715034008,0.6807817816734314,0.2997122723609209
RELIANCE.NS,2026-09-19 17:57:49+00:00,"From Swaraj to Viksit Bharat, IIAS to trace India’s evolving idea of self-reliance",The Times of India,0.11973509937524796,0.01214497908949852,0.8681198954582214,0.10759012028574944
RELIANCE.NS,2026-09-19 23:23:34+00:00,Ed Miliband's reliance on Beijing will come at huge cost to our national security: IAN WILLIAMS,Dailymail.com,0.05347719043493271,0.2421959936618805,0.7043267488479614,-0.18871880322694778
RELIANCE.NS,2026-09-20 13:03:14+00:00,"Industry body ACFI seeks Rs 5,000-7,500 cr scheme to cut reliance on China for crop protection inputs",The Times of India,0.7808696031570435,0.028759878128767014,0.19037054479122162,0.7521097250282764
RELIANCE.NS,2026-09-20 19:40:39+00:00,Brookfield Business (BBUC) Joins Reliance Deal. What Returns Can it Capture?,Yahoo Entertainment,0.07469169050455093,0.01378566212952137,0.911522626876831,0.060906028375029564
RELIANCE.NS,2026-09-20 19:55:51+00:00,Joins Reliance Deal. What Returns Can it Capture?,Biztoc.com,0.05780668929219246,0.019066153094172478,0.9231271743774414,0.03874053619801998
RELIANCE.NS,2026-09-21 04:01:00+00:00,Can adland realistically reduce its reliance on Google’s vertically integrated ad stack?,Digiday,0.8027912378311157,0.00934977363795042,0.18785898387432098,0.7934414641931653
RELIANCE.NS,2026-09-21 06:28:06+00:00,"4 kg onion bought at Rs 9 per kg weighed 400g less; Reliance Smart Bazaar, Reliance Retail ordered to pay Rs 20,000",The Times of India,0.05265000835061073,0.024905003607273102,0.9224449992179871,0.02774500474333763
RELIANCE.NS,2026-09-21 10:30:16+00:00,"Currency swaps market seeks to automate trading, reduce phone reliance",Crypto Briefing,0.661517322063446,0.010243259370326996,0.32823944091796875,0.651274062693119
RELIANCE.NS,2026-09-21 12:00:00+00:00,Sacred Defense shaped Iran's path toward self-reliance: Deputy defense minister,Globalsecurity.org,0.08228910714387894,0.021952955052256584,0.8957579135894775,0.06033615209162235
RELIANCE.NS,2026-09-21 16:34:31+00:00,Harvey embraces open AI models to reduce reliance on Anthropic and OpenAI,Crypto Briefing,0.5660756230354309,0.008773112669587135,0.4251512289047241,0.5573025103658438
RELIANCE.NS,2026-09-21 17:07:28+00:00,CM woos Reliance investment in meet with Ambanis,The Times of India,0.5265189409255981,0.010285710915923119,0.46319541335105896,0.516233230009675
RELIANCE.NS,2026-09-23 00:14:37+00:00,"China’s AI self-reliance presents opportunities but valuations, geopolitics are risks: BofA",Biztoc.com,0.08992491662502289,0.05619243532419205,0.8538826704025269,0.03373248130083084
RELIANCE.NS,2026-09-23 00:43:41+00:00,South Korea plans to cut its reliance on Middle crude oil imports to 50% by 2035,CNA,0.7366850972175598,0.046970684081315994,0.2163441926240921,0.6897144131362438
RELIANCE.NS,2026-09-23 06:29:00+00:00,South Korea Aims to Cut Middle East Crude Reliance to 50% by 2035,OilPrice.com,0.7131251692771912,0.10965459048748016,0.17722024023532867,0.603470578789711
RELIANCE.NS,2026-09-23 13:33:23+00:00,Canada’s transport overhaul aims to break reliance on U.S. trade,Financial Post,0.8154355883598328,0.01152694970369339,0.1730373650789261,0.8039086386561394
RELIANCE.NS,2026-09-23 19:06:20+00:00,"Reliance Consumer Products quadruples authorised capital to ₹40,000 crore as FMCG business scales up",The Times of India,0.9297623634338379,0.029349440708756447,0.0408882275223732,0.9004129227250814
RELIANCE.NS,2026-09-24 04:38:02+00:00,Reliance Industries buys duplex at Three Sixty West in Worli for ₹75.1 cr,Business Standard,0.10478175431489944,0.012841909192502499,0.8823763132095337,0.09193984512239695
RELIANCE.NS,2026-09-24 07:04:18+00:00,"Reliance Industries eyes ₹10,000 crore debt fundraise",BusinessLine,0.07935278117656708,0.06717777252197266,0.8534694910049438,0.012175008654594421
RELIANCE.NS,2026-09-24 07:18:31+00:00,"Reliance Industries eyes ₹10,000 crore 10-year bond sale at 7.90%: Bankers",Business Standard,0.0433662123978138,0.028253156691789627,0.9283806681632996,0.01511305570602417
RELIANCE.NS,2026-09-24 07:45:35+00:00,"Reliance Industries down 2%, at 17-month low; what's making Street nervous?",Business Standard,0.009714457206428051,0.9638808965682983,0.026404764503240585,-0.9541664393618703
RELIANCE.NS,2026-09-24 08:28:01+00:00,"Billionaire Ambani's Reliance Industries eyes Rs 10,000 cr debt fundraise: Sources",The Times of India,0.02911331132054329,0.025621533393859863,0.9452651143074036,0.003491777926683426
RELIANCE.NS,2026-09-24 08:49:47+00:00,Reliance Industries said to eye $1 billion debt fundraise,Livemint,0.2754019498825073,0.018656153231859207,0.7059419751167297,0.2567457966506481
RELIANCE.NS,2026-09-24 18:16:36+00:00,"Reliance to raise Rs 10,000 crore next week as companies rush to tap surplus bank liquidity",The Times of India,0.8710452318191528,0.017494037747383118,0.11146079748868942,0.8535511940717697
RELIANCE.NS,2026-09-24 19:34:13+00:00,Marriages at cow shelters to drive self-reliance,The Times of India,0.02643634006381035,0.6708677411079407,0.3026959002017975,-0.6444314010441303
RELIANCE.NS,2026-09-24 22:48:41+00:00,"Reliance on high transfer fees risks clubs' survival, UEFA finance chief says",Dpa-international.com,0.032406046986579895,0.8847225904464722,0.08287138491868973,-0.8523165434598923
RELIANCE.NS,2026-09-25 16:40:11+00:00,Zee escalates copyright fight against Reliance-Disney's JioStar,The Times of India,0.0145921241492033,0.9381409883499146,0.047266941517591476,-0.9235488642007113
RELIANCE.NS,2026-09-26 00:00:59+00:00,India's urea self-reliance push draws 17 proposals worth ₹2 trillion,Livemint,0.07188825309276581,0.028818748891353607,0.8992930054664612,0.0430695042014122
RELIANCE.NS,2026-09-26 01:59:28+00:00,Zee seeks action against Reliance-Disney's JioStar over copyright breach,Business Standard,0.01997346431016922,0.819696843624115,0.1603296846151352,-0.7997233793139458
RELIANCE.NS,2026-09-27 03:06:55+00:00,The crop at the centre of India’s edible oil self-reliance push,BusinessLine,0.28784868121147156,0.013964010402560234,0.6981872916221619,0.2738846708089113
RELIANCE.NS,2026-09-27 13:53:44+00:00,Land victory is the only tangible factor in war: Army chief; says no substitute for self-reliance in weapon development,The Times of India,0.10848397761583328,0.013944277539849281,0.877571702003479,0.094539700075984
TCS.NS,2026-08-28 05:00:45+00:00,"Tata group stock Tejas Networks zooms 13% on ₹1,537-cr order win from TCS",Business Standard,0.9369309544563293,0.028407620266079903,0.03466147929430008,0.9085233341902494
TCS.NS,2026-08-28 05:25:41+00:00,"Nifty IT index soars 3%; LTM, Coforge, TCS, TechM gain up to 5%; here's why",Business Standard,0.9230549335479736,0.014491932466626167,0.06245312839746475,0.9085630010813475
TCS.NS,2026-08-28 05:49:33+00:00,"HCLTech, TCS, Infosys, other IT stocks rally up to 5%. What lies ahead?",The Times of India,0.19749510288238525,0.053750455379486084,0.7487544417381287,0.14374464750289917
TCS.NS,2026-08-28 06:20:52+00:00,"Tejas Networks spurts after receiving Rs 1,537 crore BSNL 4G order from TCS",Business Standard,0.9358181357383728,0.01877545192837715,0.04540647938847542,0.9170426838099957
TCS.NS,2026-08-28 11:04:20+00:00,"Market wrap: TCS, Tech Mahindra, ICICI Bank, ITC top gainers and losers on Nifty and Sensex on Friday",The Times of India,0.3290557861328125,0.3131686747074127,0.3577755093574524,0.01588711142539978
TCS.NS,2026-08-28 18:57:07+00:00,TCS engineer on way home dies after reversing earthmover rams bike,The Times of India,0.032117750495672226,0.6849088668823242,0.2829733192920685,-0.652791116386652
TCS.NS,2026-08-29 03:57:51+00:00,TCS techie on way home dies after reversing earthmover rams his bike in Gurgaon,The Times of India,0.02787698619067669,0.7848233580589294,0.1872996836900711,-0.7569463718682528
TCS.NS,2026-08-29 05:41:48+00:00,How to Watch the TCS Sydney Marathon 2026,Flotrack.org,0.036917794495821,0.024573855102062225,0.9385083317756653,0.012343939393758774
TCS.NS,2026-08-29 07:30:21+00:00,TCS employees get 50-70% variable in Q1,The Times of India,0.09484205394983292,0.02727292850613594,0.8778849840164185,0.06756912544369698
TCS.NS,2026-08-29 13:06:00+00:00,"From TCS to Microsoft, techie details 6 things different from the Indian company that surprised him",The Times of India,0.11705420911312103,0.012605397030711174,0.8703404068946838,0.10444881208240986
TCS.NS,2026-08-31 14:29:50+00:00,TCS iON flags ‘unknown electrical issues’ behind Jaipur NEET-PG exam outage,The Times of India,0.01133242342621088,0.9337648153305054,0.05490284785628319,-0.9224323919042945
TCS.NS,2026-09-01 04:01:34+00:00,"Nifty slips below 24,100 as crude spikes; ITC, Bharti Airtel gain, TCS, Nestle decline",BusinessLine,0.6563563346862793,0.2456321269273758,0.09801160544157028,0.4107242077589035
TCS.NS,2026-09-01 22:40:10+00:00,TCS pips Accenture to take over Best Buy's India GCC ops,The Times of India,0.1283339112997055,0.008772659115493298,0.8628934025764465,0.11956125218421221
TCS.NS,2026-09-02 00:45:19+00:00,Best of BS Opinion: TCS acquisition highlights changing dynamics in AI era,Business Standard,0.3865920603275299,0.03647810220718384,0.5769298076629639,0.35011395812034607
TCS.NS,2026-09-05 10:52:17+00:00,"TCS HyperVault to set up ₹70,000-crore AI data centre campus in Hyderabad",BusinessLine,0.2430870234966278,0.007266429252922535,0.7496465444564819,0.23582059424370527
TCS.NS,2026-09-05 11:17:48+00:00,TCS selects Hyderabad for HyperVault's 1 GW AI data centre campus,Business Standard,0.1452137976884842,0.009162328206002712,0.8456238508224487,0.13605146948248148
TCS.NS,2026-09-05 12:25:51+00:00,India's TCS unit to invest up to $7.4 billion in AI data center campus,CNA,0.4026488661766052,0.00832169409841299,0.5890293717384338,0.39432717207819223
TCS.NS,2026-09-05 12:30:59+00:00,"TCS HyperVault to invest ₹70,000 crore in 1GW AI data centre campus in Hyderabad",The Times of India,0.2310405820608139,0.007544562686234713,0.7614148855209351,0.2234960193745792
TCS.NS,2026-09-05 14:00:45+00:00,TCS commits $7.4B to a one-gigawatt AI campus in Hyderabad,The Next Web,0.3877832889556885,0.007698950357735157,0.6045177578926086,0.3800843385979533
TCS.NS,2026-09-07 02:22:37+00:00,"Stocks to watch: LIC, ICICI Bank, SBI, Dixon, Chalet Hotels, TCS & more",Business Standard,0.026191318407654762,0.028370331972837448,0.9454383850097656,-0.002179013565182686
TCS.NS,2026-09-07 02:40:59+00:00,India's TCS unit secures land in Hyderabad for planned 1GW AI data center campus,Digitimes,0.5898041725158691,0.008613621816039085,0.4015822410583496,0.58119055069983
TCS.NS,2026-09-07 06:02:21+00:00,"Infosys, HCLTech, TCS, other IT stocks drop up to 3% as Fed rate hike worries return. Here's why",The Times of India,0.012940548360347748,0.9449161291122437,0.04214342311024666,-0.9319755807518959
TCS.NS,2026-09-07 09:37:26+00:00,"TCS launches 4,500-square-ft AI-native creative engineering studio in London",BusinessLine,0.12341578304767609,0.011114849708974361,0.8654693961143494,0.11230093333870173
TCS.NS,2026-09-07 10:20:01+00:00,TCS launches Interactive Creative Engineering Studio in London,Business Standard,0.08242284506559372,0.013908513821661472,0.9036686420440674,0.06851433124393225
TCS.NS,2026-09-07 10:34:07+00:00,HyperVault (a TCS arm) secures 264-acre land for Hyderabad AI data center campus,Business Standard,0.31798049807548523,0.0072179208509624004,0.6748015880584717,0.31076257722452283
TCS.NS,2026-09-08 03:58:22+00:00,TCS falls 1% as JM Fin expects macro pressures to stay; stock down 30% YTD,Business Standard,0.011236542835831642,0.9709072709083557,0.017856180667877197,-0.9596707280725241
TCS.NS,2026-09-08 06:32:19+00:00,TCS wins ₹122.6 cr bid to build AI-enabled governance platform for Odisha,Business Standard,0.853987991809845,0.010508163832128048,0.1355038285255432,0.8434798279777169
TCS.NS,2026-09-08 09:14:59+00:00,TCS bags ₹122.6 crore contract to build AI-enabled governance platform for Odisha govt,BusinessLine,0.9263993501663208,0.012964393943548203,0.06063637509942055,0.9134349562227726
TCS.NS,2026-09-08 10:21:09+00:00,TCS wins ₹122 crore bid to build workflow automation for Odisha government,BusinessLine,0.9299360513687134,0.013111523352563381,0.05695250257849693,0.91682452801615
TCS.NS,2026-09-08 10:36:45+00:00,TCS secures bid to build AI-enabled digital governance platform for Odisha Government,Business Standard,0.8648337721824646,0.006998259108513594,0.1281680017709732,0.857835513073951
TCS.NS,2026-09-08 17:28:54+00:00,TCS wins Rs 122 cr bid for Odisha digital governance platform,The Times of India,0.8652941584587097,0.010423080064356327,0.12428274005651474,0.8548710783943534
TCS.NS,2026-09-09 00:30:00+00:00,"Stocks in news: Biocon, Bank of Baroda, TCS, Sanofi India and Tata Capital",The Times of India,0.04673244431614876,0.022895390167832375,0.9303722381591797,0.023837054148316383
TCS.NS,2026-09-09 03:34:02+00:00,"Stock Alert: KP Energy, Bank of Baroda, Innovision, TCS, CSB Bank",Business Standard,0.030990751460194588,0.01939498446881771,0.9496143460273743,0.011595766991376877
TCS.NS,2026-09-09 05:06:41+00:00,"IT stocks crash as Coforge leads selloff; Infosys, Tech Mahindra, HCL Tech, TCS slide",BusinessLine,0.014061910100281239,0.9298474192619324,0.05609070509672165,-0.9157855091616511
TCS.NS,2026-09-09 06:46:25+00:00,TCS launches India's maiden lights-out factory lab at Pune,Business Standard,0.21568681299686432,0.01094986405223608,0.7733633518218994,0.20473694894462824
TCS.NS,2026-09-09 08:01:34+00:00,"IT stocks crash as Coforge leads selloff; Infosys, Tech Mahindra, HCL Tech, TCS slide as H1-B visa fee hike adds to sector pressure",BusinessLine,0.010269851423799992,0.9694268703460693,0.02030319534242153,-0.9591570189222693
TCS.NS,2026-09-09 10:20:00+00:00,TCS launches fully automated Pune facility to advance AI-led manufacturing,Business Standard,0.6069192290306091,0.009726318530738354,0.3833544850349426,0.5971929104998708
TCS.NS,2026-09-09 11:01:48+00:00,TCS launches fully automated facility in Pune to advance AI-led manufacturing,BusinessLine,0.6493470072746277,0.009766584262251854,0.3408864140510559,0.6395804230123758
TCS.NS,2026-09-09 12:31:00+00:00,TCS Blockchain Now Truckin' on Kraken; $TCS Token Lists for Trading,PRNewswire,0.05345972254872322,0.023813685402274132,0.922726571559906,0.02964603714644909
TCS.NS,2026-09-15 02:26:03+00:00,"Tata Group stocks: TCS, Tata Motors, Tata Steel, Titan among others in focus as RBI rejects Tata Sons’ CoR surrender; Tata Sons IPO back in spotlight",The Times of India,0.04917660728096962,0.1864425390958786,0.7643808126449585,-0.13726593181490898
TCS.NS,2026-09-15 04:12:53+00:00,"Infosys, TCS to HCL Tech: AI slowdown calls send Nifty IT pack 5% higher",Business Standard,0.02793799340724945,0.9593406319618225,0.012721359729766846,-0.9314026385545731
TCS.NS,2026-09-15 04:19:42+00:00,"Infosys, HCLTech, TCS, other IT stocks soar up to 6%; Nifty IT rallies 5% as global AI slowdown calls boost sentiment",The Times of India,0.944525957107544,0.02653113193809986,0.028942851349711418,0.9179948251694441
TCS.NS,2026-09-15 06:56:12+00:00,TCS shares jump 5% as DGCX partnership lift stocks,BusinessLine,0.912956953048706,0.04013441503047943,0.04690863937139511,0.8728225380182266
TCS.NS,2026-09-15 07:01:07+00:00,TCS to support DGCX's transformation journey,Business Standard,0.5503492951393127,0.007100573740899563,0.4425501227378845,0.5432487213984132
TCS.NS,2026-09-15 10:20:02+00:00,TCS to support Aareal Bank digital transformation programme,Business Standard,0.26798543334007263,0.007028909865766764,0.7249857187271118,0.26095652347430587
TCS.NS,2026-09-15 11:48:17+00:00,TCS partners with Dubai Gold & Commodities Exchange for next-gen derivatives market infrastructure,BusinessLine,0.4931124746799469,0.007472074590623379,0.49941548705101013,0.4856404000893235
TCS.NS,2026-09-16 11:33:51+00:00,"Market wrap: SBI, HDFC Life, TCS, Infosys top gainers and losers on Nifty and Sensex on Thursday",The Times of India,0.1462402492761612,0.6037834286689758,0.24997632205486298,-0.45754317939281464
TCS.NS,2026-09-17 03:52:52+00:00,"Infosys, TCS, other IT stocks in focus after first Fed rate hike in 3 years. Will inflationary pressures offset anti-AI euphoria?",The Times of India,0.14413073658943176,0.07427573204040527,0.7815935015678406,0.06985500454902649
TCS.NS,2026-09-17 08:50:50+00:00,"TCS rolls out custom chip design services for automotive, semiconductor sectors",BusinessLine,0.05838833004236221,0.011583310551941395,0.9300283193588257,0.04680501949042082
TCS.NS,2026-09-17 09:38:35+00:00,"TCS, Tata Chemicals, other group stocks zoom up to 14% on Tata Sons IPO nod, N Chandra’s term extension",The Times of India,0.946888267993927,0.01752178929746151,0.035589996725320816,0.9293664786964655
TCS.NS,2026-09-17 17:34:16+00:00,"N Chandrasekaran's five-year extension lifts Tata stocks, but not TCS",Business Standard,0.9009919166564941,0.05975639075040817,0.03925159573554993,0.841235525906086
TCS.NS,2026-09-18 03:53:11+00:00,"TCS, Tata Chemicals, other Tata stocks tumble up to 8% as Tata Trusts calls Chandrasekaran’s tenure extension illegal",The Times of India,0.009805606678128242,0.9589849710464478,0.03120948001742363,-0.9491793643683195
TCS.NS,2026-09-18 10:46:46+00:00,"Market wrap: Adani Ports, Adani Ports SEZ, TCS, Tata Motors PV top gainers and losers on Nifty and Sensex on Friday",The Times of India,0.4872625768184662,0.3900890052318573,0.12264847010374069,0.09717357158660889
TCS.NS,2026-09-21 07:34:54+00:00,"How to trade TCS, Tata Chemicals, other Tata stocks as boardroom battles could reach court",The Times of India,0.03772532567381859,0.017343370243906975,0.9449313282966614,0.020381955429911613
TCS.NS,2026-09-21 17:14:18+00:00,"Techie starts with Rs 3.2 lakh at TCS, lands Rs 40 lakh Amazon role within a year",The Times of India,0.20190012454986572,0.012571384198963642,0.7855284214019775,0.18932874035090208
TCS.NS,2026-09-22 21:10:51+00:00,Changes made to route for 2026 TCS New York City Marathon,WABC-TV,0.03511114791035652,0.03444811701774597,0.9304407238960266,0.0006630308926105499
TCS.NS,2026-09-24 02:17:39+00:00,"Here's why Ajit Mishra is bullish on MCX, Apollo Hospitals; bearish on TCS",Business Standard,0.1294807493686676,0.2212468981742859,0.6492723822593689,-0.09176614880561829
TCS.NS,2026-09-24 03:46:26+00:00,TCS becomes Jaguar TCS Racing's Official AI Partner,Business Standard,0.0616082027554512,0.010435648262500763,0.9279561042785645,0.05117255449295044
