date,ticker,close,return,sentiment_score,headline_count,sentiment_available,lagged_sentiment
2026-09-08,HDFCBANK.NS,703.0,-0.0105559465165376,-0.6357275322079657,2.0,True,-0.231198577908799
2026-09-09,HDFCBANK.NS,687.0999755859375,-0.0226173889246977,-0.2831763593712821,4.0,True,-0.6357275322079657
2026-09-10,HDFCBANK.NS,693.7999877929688,0.0097511460414734,-0.1055664227654536,9.0,True,-0.2831763593712821
2026-09-11,HDFCBANK.NS,708.25,0.0208273457210599,-0.2238165686527888,6.0,True,-0.1055664227654536
2026-09-14,HDFCBANK.NS,708.25,0.0,-0.2441784127149731,4.0,True,-0.2238165686527888
2026-09-15,HDFCBANK.NS,716.5499877929688,0.0117190085322538,0.1707139727659523,14.0,True,-0.2441784127149731
2026-09-16,HDFCBANK.NS,721.5,0.0069081184723451,-0.8407560791820288,2.0,True,0.1707139727659523
2026-09-17,HDFCBANK.NS,713.0,-0.0117810117810117,-0.1850611660629511,4.0,True,-0.8407560791820288
2026-09-18,HDFCBANK.NS,731.0,0.0252454417952314,0.9137959443032742,1.0,True,-0.1850611660629511
2026-09-21,HDFCBANK.NS,739.5,0.0116279069767442,0.0336532186716795,5.0,True,0.9137959443032742
2026-09-22,HDFCBANK.NS,738.5999755859375,-0.0012170715538371,-0.0238227516412735,5.0,True,0.0336532186716795
2026-09-23,HDFCBANK.NS,737.25,-0.0018277492967239,0.5147711774334311,2.0,True,-0.0238227516412735
2026-09-24,HDFCBANK.NS,728.9000244140625,-0.0113258400623093,-0.1090149842202663,3.0,True,0.5147711774334311
2026-09-25,HDFCBANK.NS,735.5999755859375,0.0091918657531406,-0.4247510596178472,2.0,True,-0.1090149842202663
2026-08-31,ICICIBANK.NS,1454.0,0.021928556438814,0.8009078409522772,1.0,True,-0.2721710503101349
2026-09-01,ICICIBANK.NS,1438.0,-0.0110041265474553,0.0365653671324253,1.0,True,0.8009078409522772
2026-09-02,ICICIBANK.NS,1426.5,-0.0079972183588317,0.0275523246964439,8.0,True,0.0365653671324253
2026-09-03,ICICIBANK.NS,1430.0,0.0024535576586048,-0.3237322142347693,5.0,True,0.0275523246964439
2026-09-04,ICICIBANK.NS,1423.199951171875,-0.0047552789007867,0.0434733387082815,1.0,True,-0.3237322142347693
2026-09-07,ICICIBANK.NS,1427.5,0.0030213947271318,0.2896370294814308,3.0,True,0.0434733387082815
2026-09-08,ICICIBANK.NS,1399.4000244140625,-0.0196847464700087,-0.2233844995498657,1.0,True,0.2896370294814308
2026-09-09,ICICIBANK.NS,1389.0999755859375,-0.0073603320340356,0.4076793044805527,1.0,True,-0.2233844995498657
2026-09-10,ICICIBANK.NS,1384.5,-0.003311479135256,0.0153793524950742,1.0,True,0.4076793044805527
2026-09-11,ICICIBANK.NS,1379.300048828125,-0.0037558332769049,0.0153793524950742,0.0,False,0.0153793524950742
2026-09-14,ICICIBANK.NS,1379.300048828125,0.0,-0.037723452784121,2.0,True,0.0153793524950742
2026-09-15,ICICIBANK.NS,1350.4000244140625,-0.0209526741035182,-0.3555744243785739,2.0,True,-0.037723452784121
2026-09-16,ICICIBANK.NS,1358.800048828125,0.0062203971135939,-0.3555744243785739,0.0,False,-0.3555744243785739
2026-09-17,ICICIBANK.NS,1347.5999755859375,-0.0082426205767704,0.0932545512914657,1.0,True,-0.3555744243785739
2026-09-18,ICICIBANK.NS,1338.9000244140625,-0.0064558855220313,-0.0501168947666883,1.0,True,0.0932545512914657
2026-09-21,ICICIBANK.NS,1345.0,0.0045559604710643,-0.0259855985641479,1.0,True,-0.0501168947666883
2026-09-22,ICICIBANK.NS,1339.5999755859375,-0.0040148880401951,-0.0259855985641479,0.0,False,-0.0259855985641479
2026-09-23,ICICIBANK.NS,1340.0,0.0002986148263308,-0.0259855985641479,0.0,False,-0.0259855985641479
2026-09-24,ICICIBANK.NS,1334.5,-0.0041044776119403,-0.0259855985641479,0.0,False,-0.0259855985641479
2026-08-31,INFY.NS,1133.800048828125,-0.0089160412341564,-0.7698012255132198,1.0,True,-0.3880294794216752
2026-09-01,INFY.NS,1156.0,0.0195801289608519,-0.7698012255132198,0.0,False,-0.7698012255132198
2026-09-02,INFY.NS,1140.0,-0.0138408304498269,-0.7698012255132198,0.0,False,-0.7698012255132198
2026-09-03,INFY.NS,1130.300048828125,-0.0085087290981359,-0.7698012255132198,0.0,False,-0.7698012255132198
2026-09-04,INFY.NS,1130.0,-0.0002654594489631,0.2454471159726381,1.0,True,-0.7698012255132198
2026-09-07,INFY.NS,1087.5,-0.0376106194690265,-0.7208105772733688,4.0,True,0.2454471159726381
2026-09-08,INFY.NS,1082.0,-0.0050574712643678,-0.7208105772733688,0.0,False,-0.7208105772733688
2026-09-09,INFY.NS,1035.0,-0.043438077634011,-0.8624760291228691,3.0,True,-0.7208105772733688
2026-09-10,INFY.NS,1036.5,0.0014492753623187,0.041023850440979,1.0,True,-0.8624760291228691
2026-09-11,INFY.NS,1037.699951171875,0.0011576952936565,0.041023850440979,0.0,False,0.041023850440979
2026-09-14,INFY.NS,1037.699951171875,0.0,0.041023850440979,0.0,False,0.041023850440979
2026-09-15,INFY.NS,1077.0,0.0378722662401047,0.2807928516219058,3.0,True,0.041023850440979
2026-09-16,INFY.NS,1060.0,-0.0157845868152274,0.3763779147993773,8.0,True,0.2807928516219058
2026-09-17,INFY.NS,1058.5999755859375,-0.0013207777491155,0.038321823067963,5.0,True,0.3763779147993773
2026-09-18,INFY.NS,1051.4000244140625,-0.00680138989035,0.3269727332517504,4.0,True,0.038321823067963
2026-09-21,INFY.NS,1038.5,-0.0122693780811462,-0.48370554856956,2.0,True,0.3269727332517504
2026-09-22,INFY.NS,1029.4000244140625,-0.0087626149118319,-0.0847783503122627,2.0,True,-0.48370554856956
2026-09-23,INFY.NS,1020.5,-0.0086458366067442,-0.0847783503122627,0.0,False,-0.0847783503122627
2026-09-24,INFY.NS,1014.5,-0.0058794708476237,-0.9327612165361644,1.0,True,-0.0847783503122627
2026-09-25,INFY.NS,1000.2000122070312,-0.0140956015702008,-0.5674888961948454,2.0,True,-0.9327612165361644
2026-09-09,RELIANCE.NS,1279.0,-0.0122789590812288,0.3319412529468536,5.0,True,0.3798462190510084
2026-09-10,RELIANCE.NS,1274.0,-0.0039093041438623,0.0777196648220221,6.0,True,0.3319412529468536
2026-09-11,RELIANCE.NS,1257.5,-0.0129513343799058,-0.0472878993799289,6.0,True,0.0777196648220221
2026-09-14,RELIANCE.NS,1257.5,0.0,-0.055667534204466,7.0,True,-0.0472878993799289
2026-09-15,RELIANCE.NS,1235.300048828125,-0.0176540367171967,0.2022504440641828,7.0,True,-0.055667534204466
2026-09-16,RELIANCE.NS,1240.0,0.003804704109203,0.3752889215414013,7.0,True,0.2022504440641828
2026-09-17,RELIANCE.NS,1243.9000244140625,0.0031451809790825,0.0074604734778403,5.0,True,0.3752889215414013
2026-09-18,RELIANCE.NS,1226.4000244140625,-0.0140686547604526,-0.3584133610129356,2.0,True,0.0074604734778403
2026-09-21,RELIANCE.NS,1247.4000244140625,0.0171232873303579,0.4343887373494605,6.0,True,-0.3584133610129356
2026-09-22,RELIANCE.NS,1240.4000244140625,-0.0056116721685075,0.4343887373494605,0.0,False,0.4343887373494605
2026-09-23,RELIANCE.NS,1248.0,0.0061270359854495,0.6062478069216013,5.0,True,0.4343887373494605
2026-09-24,RELIANCE.NS,1219.199951171875,-0.0230769622020232,-0.1353219673037529,9.0,True,0.6062478069216013
2026-09-25,RELIANCE.NS,1226.0,0.0055774680942111,-0.9235488642007113,1.0,True,-0.1353219673037529
2026-08-31,TCS.NS,2399.300048828125,0.0244662889957836,-0.9224323919042944,1.0,True,0.3734949436038732
2026-09-01,TCS.NS,2369.0,-0.0126287034599629,0.2651427299715578,2.0,True,-0.9224323919042944
2026-09-02,TCS.NS,2348.0,-0.0088644997889404,0.350113958120346,1.0,True,0.2651427299715578
2026-09-03,TCS.NS,2320.10009765625,-0.0118824115603705,0.350113958120346,0.0,False,0.350113958120346
2026-09-04,TCS.NS,2304.0,-0.0069393978615466,0.350113958120346,0.0,False,0.350113958120346
2026-09-07,TCS.NS,2270.0,-0.0147569444444444,0.023102299698318,6.0,True,0.350113958120346
2026-09-08,TCS.NS,2255.5,-0.0063876651982378,0.5711291959354033,6.0,True,0.023102299698318
2026-09-09,TCS.NS,2208.0,-0.0210596320106406,-0.0460441734176129,8.0,True,0.5711291959354033
2026-09-10,TCS.NS,2204.10009765625,-0.001766260119452,-0.0460441734176129,0.0,False,-0.0460441734176129
2026-09-11,TCS.NS,2200.800048828125,-0.0014972318324535,-0.0460441734176129,0.0,False,-0.0460441734176129
2026-09-14,TCS.NS,2200.800048828125,0.0,-0.0460441734176129,0.0,False,-0.0460441734176129
2026-09-15,TCS.NS,2251.0,0.0228098646210979,0.2874277768257473,7.0,True,-0.0460441734176129
2026-09-16,TCS.NS,2188.800048828125,-0.0276321417911483,-0.4575431793928146,1.0,True,0.2874277768257473
2026-09-17,TCS.NS,2190.0,0.000548223293634,0.4718155071604997,4.0,True,-0.4575431793928146
2026-09-18,TCS.NS,2105.0,-0.0388127853881278,-0.4260028963908554,2.0,True,0.4718155071604997
2026-09-21,TCS.NS,2128.699951171875,0.0112588841671614,0.1048553478904067,2.0,True,-0.4260028963908554
2026-09-22,TCS.NS,2105.0,-0.0111335330086459,0.0006630308926105,1.0,True,0.1048553478904067
2026-09-23,TCS.NS,2089.60009765625,-0.0073158680967932,0.0006630308926105,0.0,False,0.0006630308926105
2026-09-24,TCS.NS,2087.0,-0.0012443039503904,-0.0202967971563339,2.0,True,0.0006630308926105
2026-09-25,TCS.NS,2082.0,-0.0023957834211787,-0.0202967971563339,0.0,False,-0.0202967971563339
